"dataset_id","dno_name","dno_alias","secondary_substation_id","secondary_substation_name","substation_geo_location","aggregated_device_count_active","primary_consumption_active_import","secondary_consumption_active_import","total_consumption_active_import","aggregated_device_count_reactive","total_consumption_reactive_import","data_collection_log_timestamp","insert_time","last_modified_time"
"NPg_Substation_February2024","Northern Powergrid","NPg",148553006,"SEVENTH STREET HORDEN","54.764915, -1.3154537",5,253,NA,253,8,58,"2024-02-02 00:00:00.000","2024-03-21T12:00:00+00.00","2024-03-21T12:00:00+00.00"
"NPg_Substation_February2024","Northern Powergrid","NPg",148553006,"SEVENTH STREET HORDEN","54.764915, -1.3154537",5,366,NA,366,8,53,"2024-02-02 00:30:00.000","2024-03-21T12:00:00+00.00","2024-03-21T12:00:00+00.00"
"NPg_Substation_February2024","Northern Powergrid","NPg",148553006,"SEVENTH STREET HORDEN","54.764915, -1.3154537",5,232,NA,232,8,28,"2024-02-02 01:00:00.000","2024-03-21T12:00:00+00.00","2024-03-21T12:00:00+00.00"
"NPg_Substation_February2024","Northern Powergrid","NPg",148553006,"SEVENTH STREET HORDEN","54.764915, -1.3154537",5,297,NA,297,8,52,"2024-02-02 01:30:00.000","2024-03-21T12:00:00+00.00","2024-03-21T12:00:00+00.00"
"NPg_Substation_February2024","Northern Powergrid","NPg",148553006,"SEVENTH STREET HORDEN","54.764915, -1.3154537",5,192,NA,192,8,68,"2024-02-02 02:00:00.000","2024-03-21T12:00:00+00.00","2024-03-21T12:00:00+00.00"
"NPg_Substation_February2024","Northern Powergrid","NPg",148553006,"SEVENTH STREET HORDEN","54.764915, -1.3154537",5,233,NA,233,8,36,"2024-02-02 02:30:00.000","2024-03-21T12:00:00+00.00","2024-03-21T12:00:00+00.00"
"NPg_Substation_February2024","Northern Powergrid","NPg",148553006,"SEVENTH STREET HORDEN","54.764915, -1.3154537",5,207,NA,207,8,46,"2024-02-02 03:00:00.000","2024-03-21T12:00:00+00.00","2024-03-21T12:00:00+00.00"
"NPg_Substation_February2024","Northern Powergrid","NPg",148553006,"SEVENTH STREET HORDEN","54.764915, -1.3154537",5,240,NA,240,8,47,"2024-02-02 03:30:00.000","2024-03-21T12:00:00+00.00","2024-03-21T12:00:00+00.00"
"NPg_Substation_February2024","Northern Powergrid","NPg",148553006,"SEVENTH STREET HORDEN","54.764915, -1.3154537",5,271,NA,271,8,61,"2024-02-02 04:00:00.000","2024-03-21T12:00:00+00.00","2024-03-21T12:00:00+00.00"
"NPg_Substation_February2024","Northern Powergrid","NPg",148553006,"SEVENTH STREET HORDEN","54.764915, -1.3154537",5,203,NA,203,8,70,"2024-02-02 04:30:00.000","2024-03-21T12:00:00+00.00","2024-03-21T12:00:00+00.00"
"NPg_Substation_February2024","Northern Powergrid","NPg",148553006,"SEVENTH STREET HORDEN","54.764915, -1.3154537",5,245,NA,245,8,38,"2024-02-02 05:00:00.000","2024-03-21T12:00:00+00.00","2024-03-21T12:00:00+00.00"
"NPg_Substation_February2024","Northern Powergrid","NPg",148553006,"SEVENTH STREET HORDEN","54.764915, -1.3154537",5,204,NA,204,8,36,"2024-02-02 05:30:00.000","2024-03-21T12:00:00+00.00","2024-03-21T12:00:00+00.00"
"NPg_Substation_February2024","Northern Powergrid","NPg",148553006,"SEVENTH STREET HORDEN","54.764915, -1.3154537",5,290,NA,290,8,62,"2024-02-02 06:00:00.000","2024-03-21T12:00:00+00.00","2024-03-21T12:00:00+00.00"
"NPg_Substation_February2024","Northern Powergrid","NPg",148553006,"SEVENTH STREET HORDEN","54.764915, -1.3154537",5,929,NA,929,8,84,"2024-02-02 06:30:00.000","2024-03-21T12:00:00+00.00","2024-03-21T12:00:00+00.00"
"NPg_Substation_February2024","Northern Powergrid","NPg",148553006,"SEVENTH STREET HORDEN","54.764915, -1.3154537",5,1311,NA,1311,8,93,"2024-02-02 07:00:00.000","2024-03-21T12:00:00+00.00","2024-03-21T12:00:00+00.00"
"NPg_Substation_February2024","Northern Powergrid","NPg",148553006,"SEVENTH STREET HORDEN","54.764915, -1.3154537",5,859,NA,859,8,102,"2024-02-02 07:30:00.000","2024-03-21T12:00:00+00.00","2024-03-21T12:00:00+00.00"
"NPg_Substation_February2024","Northern Powergrid","NPg",148553006,"SEVENTH STREET HORDEN","54.764915, -1.3154537",5,924,NA,924,8,310,"2024-02-02 08:00:00.000","2024-03-21T12:00:00+00.00","2024-03-21T12:00:00+00.00"
"NPg_Substation_February2024","Northern Powergrid","NPg",148553006,"SEVENTH STREET HORDEN","54.764915, -1.3154537",5,342,NA,342,8,94,"2024-02-02 08:30:00.000","2024-03-21T12:00:00+00.00","2024-03-21T12:00:00+00.00"
"NPg_Substation_February2024","Northern Powergrid","NPg",148553006,"SEVENTH STREET HORDEN","54.764915, -1.3154537",5,294,NA,294,8,33,"2024-02-02 09:00:00.000","2024-03-21T12:00:00+00.00","2024-03-21T12:00:00+00.00"
"NPg_Substation_February2024","Northern Powergrid","NPg",148553006,"SEVENTH STREET HORDEN","54.764915, -1.3154537",5,258,NA,258,8,22,"2024-02-02 09:30:00.000","2024-03-21T12:00:00+00.00","2024-03-21T12:00:00+00.00"
"NPg_Substation_February2024","Northern Powergrid","NPg",148553006,"SEVENTH STREET HORDEN","54.764915, -1.3154537",5,251,NA,251,8,30,"2024-02-02 10:00:00.000","2024-03-21T12:00:00+00.00","2024-03-21T12:00:00+00.00"
"NPg_Substation_February2024","Northern Powergrid","NPg",148553006,"SEVENTH STREET HORDEN","54.764915, -1.3154537",5,243,NA,243,8,45,"2024-02-02 10:30:00.000","2024-03-21T12:00:00+00.00","2024-03-21T12:00:00+00.00"
"NPg_Substation_February2024","Northern Powergrid","NPg",148553006,"SEVENTH STREET HORDEN","54.764915, -1.3154537",5,378,NA,378,8,23,"2024-02-02 11:00:00.000","2024-03-21T12:00:00+00.00","2024-03-21T12:00:00+00.00"
"NPg_Substation_February2024","Northern Powergrid","NPg",148553006,"SEVENTH STREET HORDEN","54.764915, -1.3154537",5,215,NA,215,8,16,"2024-02-02 11:30:00.000","2024-03-21T12:00:00+00.00","2024-03-21T12:00:00+00.00"
"NPg_Substation_February2024","Northern Powergrid","NPg",148553006,"SEVENTH STREET HORDEN","54.764915, -1.3154537",5,2919,NA,2919,8,25,"2024-02-02 12:00:00.000","2024-03-21T12:00:00+00.00","2024-03-21T12:00:00+00.00"
"NPg_Substation_February2024","Northern Powergrid","NPg",148553006,"SEVENTH STREET HORDEN","54.764915, -1.3154537",5,579,NA,579,8,18,"2024-02-02 12:30:00.000","2024-03-21T12:00:00+00.00","2024-03-21T12:00:00+00.00"
"NPg_Substation_February2024","Northern Powergrid","NPg",148553006,"SEVENTH STREET HORDEN","54.764915, -1.3154537",5,233,NA,233,8,26,"2024-02-02 13:00:00.000","2024-03-21T12:00:00+00.00","2024-03-21T12:00:00+00.00"
"NPg_Substation_February2024","Northern Powergrid","NPg",148553006,"SEVENTH STREET HORDEN","54.764915, -1.3154537",5,642,NA,642,8,30,"2024-02-02 13:30:00.000","2024-03-21T12:00:00+00.00","2024-03-21T12:00:00+00.00"
"NPg_Substation_February2024","Northern Powergrid","NPg",148553006,"SEVENTH STREET HORDEN","54.764915, -1.3154537",5,545,NA,545,8,48,"2024-02-02 14:00:00.000","2024-03-21T12:00:00+00.00","2024-03-21T12:00:00+00.00"
"NPg_Substation_February2024","Northern Powergrid","NPg",148553006,"SEVENTH STREET HORDEN","54.764915, -1.3154537",5,298,NA,298,8,32,"2024-02-02 14:30:00.000","2024-03-21T12:00:00+00.00","2024-03-21T12:00:00+00.00"
"NPg_Substation_February2024","Northern Powergrid","NPg",148553006,"SEVENTH STREET HORDEN","54.764915, -1.3154537",5,162,NA,162,8,21,"2024-02-02 15:00:00.000","2024-03-21T12:00:00+00.00","2024-03-21T12:00:00+00.00"
"NPg_Substation_February2024","Northern Powergrid","NPg",148553006,"SEVENTH STREET HORDEN","54.764915, -1.3154537",5,205,NA,205,8,11,"2024-02-02 15:30:00.000","2024-03-21T12:00:00+00.00","2024-03-21T12:00:00+00.00"
"NPg_Substation_February2024","Northern Powergrid","NPg",148553006,"SEVENTH STREET HORDEN","54.764915, -1.3154537",5,316,NA,316,8,32,"2024-02-02 16:00:00.000","2024-03-21T12:00:00+00.00","2024-03-21T12:00:00+00.00"
"NPg_Substation_February2024","Northern Powergrid","NPg",148553006,"SEVENTH STREET HORDEN","54.764915, -1.3154537",5,208,NA,208,8,36,"2024-02-02 16:30:00.000","2024-03-21T12:00:00+00.00","2024-03-21T12:00:00+00.00"
"NPg_Substation_February2024","Northern Powergrid","NPg",148553006,"SEVENTH STREET HORDEN","54.764915, -1.3154537",5,267,NA,267,8,39,"2024-02-02 17:00:00.000","2024-03-21T12:00:00+00.00","2024-03-21T12:00:00+00.00"
"NPg_Substation_February2024","Northern Powergrid","NPg",148553006,"SEVENTH STREET HORDEN","54.764915, -1.3154537",5,251,NA,251,8,36,"2024-02-02 17:30:00.000","2024-03-21T12:00:00+00.00","2024-03-21T12:00:00+00.00"
"NPg_Substation_February2024","Northern Powergrid","NPg",148553006,"SEVENTH STREET HORDEN","54.764915, -1.3154537",5,256,NA,256,8,46,"2024-02-02 18:00:00.000","2024-03-21T12:00:00+00.00","2024-03-21T12:00:00+00.00"
"NPg_Substation_February2024","Northern Powergrid","NPg",148553006,"SEVENTH STREET HORDEN","54.764915, -1.3154537",5,387,NA,387,8,99,"2024-02-02 18:30:00.000","2024-03-21T12:00:00+00.00","2024-03-21T12:00:00+00.00"
"NPg_Substation_February2024","Northern Powergrid","NPg",148553006,"SEVENTH STREET HORDEN","54.764915, -1.3154537",5,329,NA,329,8,232,"2024-02-02 19:00:00.000","2024-03-21T12:00:00+00.00","2024-03-21T12:00:00+00.00"
"NPg_Substation_February2024","Northern Powergrid","NPg",148553006,"SEVENTH STREET HORDEN","54.764915, -1.3154537",5,193,NA,193,8,82,"2024-02-02 19:30:00.000","2024-03-21T12:00:00+00.00","2024-03-21T12:00:00+00.00"
"NPg_Substation_February2024","Northern Powergrid","NPg",148553006,"SEVENTH STREET HORDEN","54.764915, -1.3154537",5,497,NA,497,8,203,"2024-02-02 20:00:00.000","2024-03-21T12:00:00+00.00","2024-03-21T12:00:00+00.00"
"NPg_Substation_February2024","Northern Powergrid","NPg",148553006,"SEVENTH STREET HORDEN","54.764915, -1.3154537",5,603,NA,603,8,163,"2024-02-02 20:30:00.000","2024-03-21T12:00:00+00.00","2024-03-21T12:00:00+00.00"
"NPg_Substation_February2024","Northern Powergrid","NPg",148553006,"SEVENTH STREET HORDEN","54.764915, -1.3154537",5,253,NA,253,8,53,"2024-02-02 21:00:00.000","2024-03-21T12:00:00+00.00","2024-03-21T12:00:00+00.00"
"NPg_Substation_February2024","Northern Powergrid","NPg",148553006,"SEVENTH STREET HORDEN","54.764915, -1.3154537",5,287,NA,287,8,49,"2024-02-02 21:30:00.000","2024-03-21T12:00:00+00.00","2024-03-21T12:00:00+00.00"
"NPg_Substation_February2024","Northern Powergrid","NPg",148553006,"SEVENTH STREET HORDEN","54.764915, -1.3154537",5,202,NA,202,8,39,"2024-02-02 22:00:00.000","2024-03-21T12:00:00+00.00","2024-03-21T12:00:00+00.00"
"NPg_Substation_February2024","Northern Powergrid","NPg",148553006,"SEVENTH STREET HORDEN","54.764915, -1.3154537",5,159,NA,159,8,44,"2024-02-02 22:30:00.000","2024-03-21T12:00:00+00.00","2024-03-21T12:00:00+00.00"
"NPg_Substation_February2024","Northern Powergrid","NPg",148553006,"SEVENTH STREET HORDEN","54.764915, -1.3154537",5,191,NA,191,8,32,"2024-02-02 23:00:00.000","2024-03-21T12:00:00+00.00","2024-03-21T12:00:00+00.00"
"NPg_Substation_February2024","Northern Powergrid","NPg",148553006,"SEVENTH STREET HORDEN","54.764915, -1.3154537",5,106,NA,106,8,35,"2024-02-02 23:30:00.000","2024-03-21T12:00:00+00.00","2024-03-21T12:00:00+00.00"
"NPg_Substation_February2024","Northern Powergrid","NPg",148553006,"SEVENTH STREET HORDEN","54.764915, -1.3154537",5,148,NA,148,8,66,"2024-02-03 00:00:00.000","2024-03-21T12:00:00+00.00","2024-03-21T12:00:00+00.00"
"NPg_Substation_February2024","Northern Powergrid","NPg",148553006,"SEVENTH STREET HORDEN","54.764915, -1.3154537",5,223,NA,223,8,61,"2024-02-03 00:30:00.000","2024-03-21T12:00:00+00.00","2024-03-21T12:00:00+00.00"
"NPg_Substation_February2024","Northern Powergrid","NPg",148553006,"SEVENTH STREET HORDEN","54.764915, -1.3154537",5,136,NA,136,8,39,"2024-02-03 01:00:00.000","2024-03-21T12:00:00+00.00","2024-03-21T12:00:00+00.00"
"NPg_Substation_February2024","Northern Powergrid","NPg",148553006,"SEVENTH STREET HORDEN","54.764915, -1.3154537",5,204,NA,204,8,81,"2024-02-03 01:30:00.000","2024-03-21T12:00:00+00.00","2024-03-21T12:00:00+00.00"
"NPg_Substation_February2024","Northern Powergrid","NPg",148553006,"SEVENTH STREET HORDEN","54.764915, -1.3154537",5,232,NA,232,8,47,"2024-02-03 02:00:00.000","2024-03-21T12:00:00+00.00","2024-03-21T12:00:00+00.00"
"NPg_Substation_February2024","Northern Powergrid","NPg",148553006,"SEVENTH STREET HORDEN","54.764915, -1.3154537",5,125,NA,125,8,35,"2024-02-03 02:30:00.000","2024-03-21T12:00:00+00.00","2024-03-21T12:00:00+00.00"
"NPg_Substation_February2024","Northern Powergrid","NPg",148553006,"SEVENTH STREET HORDEN","54.764915, -1.3154537",5,125,NA,125,8,42,"2024-02-03 03:00:00.000","2024-03-21T12:00:00+00.00","2024-03-21T12:00:00+00.00"
"NPg_Substation_February2024","Northern Powergrid","NPg",148553006,"SEVENTH STREET HORDEN","54.764915, -1.3154537",5,199,NA,199,8,52,"2024-02-03 03:30:00.000","2024-03-21T12:00:00+00.00","2024-03-21T12:00:00+00.00"
"NPg_Substation_February2024","Northern Powergrid","NPg",148553006,"SEVENTH STREET HORDEN","54.764915, -1.3154537",5,127,NA,127,8,68,"2024-02-03 04:00:00.000","2024-03-21T12:00:00+00.00","2024-03-21T12:00:00+00.00"
"NPg_Substation_February2024","Northern Powergrid","NPg",148553006,"SEVENTH STREET HORDEN","54.764915, -1.3154537",5,225,NA,225,8,56,"2024-02-03 04:30:00.000","2024-03-21T12:00:00+00.00","2024-03-21T12:00:00+00.00"
"NPg_Substation_February2024","Northern Powergrid","NPg",148553006,"SEVENTH STREET HORDEN","54.764915, -1.3154537",5,161,NA,161,8,39,"2024-02-03 05:00:00.000","2024-03-21T12:00:00+00.00","2024-03-21T12:00:00+00.00"
"NPg_Substation_February2024","Northern Powergrid","NPg",148553006,"SEVENTH STREET HORDEN","54.764915, -1.3154537",5,110,NA,110,8,43,"2024-02-03 05:30:00.000","2024-03-21T12:00:00+00.00","2024-03-21T12:00:00+00.00"
"NPg_Substation_February2024","Northern Powergrid","NPg",148553006,"SEVENTH STREET HORDEN","54.764915, -1.3154537",5,178,NA,178,8,60,"2024-02-03 06:00:00.000","2024-03-21T12:00:00+00.00","2024-03-21T12:00:00+00.00"
"NPg_Substation_February2024","Northern Powergrid","NPg",148553006,"SEVENTH STREET HORDEN","54.764915, -1.3154537",5,101,NA,101,8,28,"2024-02-03 06:30:00.000","2024-03-21T12:00:00+00.00","2024-03-21T12:00:00+00.00"
"NPg_Substation_February2024","Northern Powergrid","NPg",148553006,"SEVENTH STREET HORDEN","54.764915, -1.3154537",5,157,NA,157,8,28,"2024-02-03 07:00:00.000","2024-03-21T12:00:00+00.00","2024-03-21T12:00:00+00.00"
"NPg_Substation_February2024","Northern Powergrid","NPg",148553006,"SEVENTH STREET HORDEN","54.764915, -1.3154537",5,333,NA,333,8,100,"2024-02-03 07:30:00.000","2024-03-21T12:00:00+00.00","2024-03-21T12:00:00+00.00"
"NPg_Substation_February2024","Northern Powergrid","NPg",148553006,"SEVENTH STREET HORDEN","54.764915, -1.3154537",5,115,NA,115,8,47,"2024-02-03 08:00:00.000","2024-03-21T12:00:00+00.00","2024-03-21T12:00:00+00.00"
"NPg_Substation_February2024","Northern Powergrid","NPg",148553006,"SEVENTH STREET HORDEN","54.764915, -1.3154537",5,129,NA,129,8,154,"2024-02-03 08:30:00.000","2024-03-21T12:00:00+00.00","2024-03-21T12:00:00+00.00"
"NPg_Substation_February2024","Northern Powergrid","NPg",148553006,"SEVENTH STREET HORDEN","54.764915, -1.3154537",5,261,NA,261,8,29,"2024-02-03 09:00:00.000","2024-03-21T12:00:00+00.00","2024-03-21T12:00:00+00.00"
"NPg_Substation_February2024","Northern Powergrid","NPg",148553006,"SEVENTH STREET HORDEN","54.764915, -1.3154537",5,99,NA,99,8,20,"2024-02-03 09:30:00.000","2024-03-21T12:00:00+00.00","2024-03-21T12:00:00+00.00"
"NPg_Substation_February2024","Northern Powergrid","NPg",148553006,"SEVENTH STREET HORDEN","54.764915, -1.3154537",5,78,NA,78,8,19,"2024-02-03 10:00:00.000","2024-03-21T12:00:00+00.00","2024-03-21T12:00:00+00.00"
"NPg_Substation_February2024","Northern Powergrid","NPg",148553006,"SEVENTH STREET HORDEN","54.764915, -1.3154537",5,205,NA,205,8,19,"2024-02-03 10:30:00.000","2024-03-21T12:00:00+00.00","2024-03-21T12:00:00+00.00"
"NPg_Substation_February2024","Northern Powergrid","NPg",148553006,"SEVENTH STREET HORDEN","54.764915, -1.3154537",5,100,NA,100,8,12,"2024-02-03 11:00:00.000","2024-03-21T12:00:00+00.00","2024-03-21T12:00:00+00.00"
"NPg_Substation_February2024","Northern Powergrid","NPg",148553006,"SEVENTH STREET HORDEN","54.764915, -1.3154537",5,118,NA,118,8,10,"2024-02-03 11:30:00.000","2024-03-21T12:00:00+00.00","2024-03-21T12:00:00+00.00"
"NPg_Substation_February2024","Northern Powergrid","NPg",148553006,"SEVENTH STREET HORDEN","54.764915, -1.3154537",5,240,NA,240,8,25,"2024-02-03 12:00:00.000","2024-03-21T12:00:00+00.00","2024-03-21T12:00:00+00.00"
"NPg_Substation_February2024","Northern Powergrid","NPg",148553006,"SEVENTH STREET HORDEN","54.764915, -1.3154537",5,197,NA,197,8,26,"2024-02-03 12:30:00.000","2024-03-21T12:00:00+00.00","2024-03-21T12:00:00+00.00"
"NPg_Substation_February2024","Northern Powergrid","NPg",148553006,"SEVENTH STREET HORDEN","54.764915, -1.3154537",5,138,NA,138,8,17,"2024-02-03 13:00:00.000","2024-03-21T12:00:00+00.00","2024-03-21T12:00:00+00.00"
"NPg_Substation_February2024","Northern Powergrid","NPg",148553006,"SEVENTH STREET HORDEN","54.764915, -1.3154537",5,234,NA,234,8,14,"2024-02-03 13:30:00.000","2024-03-21T12:00:00+00.00","2024-03-21T12:00:00+00.00"
"NPg_Substation_February2024","Northern Powergrid","NPg",148553006,"SEVENTH STREET HORDEN","54.764915, -1.3154537",5,164,NA,164,8,15,"2024-02-03 14:00:00.000","2024-03-21T12:00:00+00.00","2024-03-21T12:00:00+00.00"
"NPg_Substation_February2024","Northern Powergrid","NPg",148553006,"SEVENTH STREET HORDEN","54.764915, -1.3154537",5,1268,NA,1268,8,24,"2024-02-03 14:30:00.000","2024-03-21T12:00:00+00.00","2024-03-21T12:00:00+00.00"
"NPg_Substation_February2024","Northern Powergrid","NPg",148553006,"SEVENTH STREET HORDEN","54.764915, -1.3154537",5,259,NA,259,8,12,"2024-02-03 15:00:00.000","2024-03-21T12:00:00+00.00","2024-03-21T12:00:00+00.00"
"NPg_Substation_February2024","Northern Powergrid","NPg",148553006,"SEVENTH STREET HORDEN","54.764915, -1.3154537",5,322,NA,322,8,16,"2024-02-03 15:30:00.000","2024-03-21T12:00:00+00.00","2024-03-21T12:00:00+00.00"
"NPg_Substation_February2024","Northern Powergrid","NPg",148553006,"SEVENTH STREET HORDEN","54.764915, -1.3154537",5,1094,NA,1094,8,20,"2024-02-03 16:00:00.000","2024-03-21T12:00:00+00.00","2024-03-21T12:00:00+00.00"
"NPg_Substation_February2024","Northern Powergrid","NPg",148553006,"SEVENTH STREET HORDEN","54.764915, -1.3154537",5,717,NA,717,8,23,"2024-02-03 16:30:00.000","2024-03-21T12:00:00+00.00","2024-03-21T12:00:00+00.00"
"NPg_Substation_February2024","Northern Powergrid","NPg",148553006,"SEVENTH STREET HORDEN","54.764915, -1.3154537",5,261,NA,261,8,47,"2024-02-03 17:00:00.000","2024-03-21T12:00:00+00.00","2024-03-21T12:00:00+00.00"
"NPg_Substation_February2024","Northern Powergrid","NPg",148553006,"SEVENTH STREET HORDEN","54.764915, -1.3154537",5,194,NA,194,8,83,"2024-02-03 17:30:00.000","2024-03-21T12:00:00+00.00","2024-03-21T12:00:00+00.00"
"NPg_Substation_February2024","Northern Powergrid","NPg",148553006,"SEVENTH STREET HORDEN","54.764915, -1.3154537",5,303,NA,303,8,57,"2024-02-03 18:00:00.000","2024-03-21T12:00:00+00.00","2024-03-21T12:00:00+00.00"
"NPg_Substation_February2024","Northern Powergrid","NPg",148553006,"SEVENTH STREET HORDEN","54.764915, -1.3154537",5,170,NA,170,8,43,"2024-02-03 18:30:00.000","2024-03-21T12:00:00+00.00","2024-03-21T12:00:00+00.00"
"NPg_Substation_February2024","Northern Powergrid","NPg",148553006,"SEVENTH STREET HORDEN","54.764915, -1.3154537",5,280,NA,280,8,57,"2024-02-03 19:00:00.000","2024-03-21T12:00:00+00.00","2024-03-21T12:00:00+00.00"
"NPg_Substation_February2024","Northern Powergrid","NPg",148553006,"SEVENTH STREET HORDEN","54.764915, -1.3154537",5,282,NA,282,8,71,"2024-02-03 19:30:00.000","2024-03-21T12:00:00+00.00","2024-03-21T12:00:00+00.00"
"NPg_Substation_February2024","Northern Powergrid","NPg",148553006,"SEVENTH STREET HORDEN","54.764915, -1.3154537",5,247,NA,247,8,54,"2024-02-03 20:00:00.000","2024-03-21T12:00:00+00.00","2024-03-21T12:00:00+00.00"
"NPg_Substation_February2024","Northern Powergrid","NPg",148553006,"SEVENTH STREET HORDEN","54.764915, -1.3154537",5,156,NA,156,8,52,"2024-02-03 20:30:00.000","2024-03-21T12:00:00+00.00","2024-03-21T12:00:00+00.00"
"NPg_Substation_February2024","Northern Powergrid","NPg",148553006,"SEVENTH STREET HORDEN","54.764915, -1.3154537",5,251,NA,251,8,25,"2024-02-03 21:00:00.000","2024-03-21T12:00:00+00.00","2024-03-21T12:00:00+00.00"
"NPg_Substation_February2024","Northern Powergrid","NPg",148553006,"SEVENTH STREET HORDEN","54.764915, -1.3154537",5,170,NA,170,8,43,"2024-02-03 21:30:00.000","2024-03-21T12:00:00+00.00","2024-03-21T12:00:00+00.00"
"NPg_Substation_February2024","Northern Powergrid","NPg",148553006,"SEVENTH STREET HORDEN","54.764915, -1.3154537",5,331,NA,331,8,74,"2024-02-03 22:00:00.000","2024-03-21T12:00:00+00.00","2024-03-21T12:00:00+00.00"
"NPg_Substation_February2024","Northern Powergrid","NPg",148553006,"SEVENTH STREET HORDEN","54.764915, -1.3154537",5,190,NA,190,8,29,"2024-02-03 22:30:00.000","2024-03-21T12:00:00+00.00","2024-03-21T12:00:00+00.00"
"NPg_Substation_February2024","Northern Powergrid","NPg",148553006,"SEVENTH STREET HORDEN","54.764915, -1.3154537",5,257,NA,257,8,39,"2024-02-03 23:00:00.000","2024-03-21T12:00:00+00.00","2024-03-21T12:00:00+00.00"
"NPg_Substation_February2024","Northern Powergrid","NPg",148553006,"SEVENTH STREET HORDEN","54.764915, -1.3154537",5,123,NA,123,8,59,"2024-02-03 23:30:00.000","2024-03-21T12:00:00+00.00","2024-03-21T12:00:00+00.00"
"NPg_Substation_February2024","Northern Powergrid","NPg",148553006,"SEVENTH STREET HORDEN","54.764915, -1.3154537",5,197,NA,197,8,37,"2024-02-04 00:00:00.000","2024-03-21T12:00:00+00.00","2024-03-21T12:00:00+00.00"
"NPg_Substation_February2024","Northern Powergrid","NPg",148553006,"SEVENTH STREET HORDEN","54.764915, -1.3154537",5,142,NA,142,8,33,"2024-02-04 00:30:00.000","2024-03-21T12:00:00+00.00","2024-03-21T12:00:00+00.00"
"NPg_Substation_February2024","Northern Powergrid","NPg",148553006,"SEVENTH STREET HORDEN","54.764915, -1.3154537",5,213,NA,213,8,42,"2024-02-04 01:00:00.000","2024-03-21T12:00:00+00.00","2024-03-21T12:00:00+00.00"
"NPg_Substation_February2024","Northern Powergrid","NPg",148553006,"SEVENTH STREET HORDEN","54.764915, -1.3154537",5,144,NA,144,8,68,"2024-02-04 01:30:00.000","2024-03-21T12:00:00+00.00","2024-03-21T12:00:00+00.00"
"NPg_Substation_February2024","Northern Powergrid","NPg",148553006,"SEVENTH STREET HORDEN","54.764915, -1.3154537",5,220,NA,220,8,47,"2024-02-04 02:00:00.000","2024-03-21T12:00:00+00.00","2024-03-21T12:00:00+00.00"
"NPg_Substation_February2024","Northern Powergrid","NPg",148553006,"SEVENTH STREET HORDEN","54.764915, -1.3154537",5,140,NA,140,8,33,"2024-02-04 02:30:00.000","2024-03-21T12:00:00+00.00","2024-03-21T12:00:00+00.00"
"NPg_Substation_February2024","Northern Powergrid","NPg",148553006,"SEVENTH STREET HORDEN","54.764915, -1.3154537",5,188,NA,188,8,38,"2024-02-04 03:00:00.000","2024-03-21T12:00:00+00.00","2024-03-21T12:00:00+00.00"
"NPg_Substation_February2024","Northern Powergrid","NPg",148553006,"SEVENTH STREET HORDEN","54.764915, -1.3154537",5,171,NA,171,8,47,"2024-02-04 03:30:00.000","2024-03-21T12:00:00+00.00","2024-03-21T12:00:00+00.00"
"NPg_Substation_February2024","Northern Powergrid","NPg",148553006,"SEVENTH STREET HORDEN","54.764915, -1.3154537",5,208,NA,208,8,28,"2024-02-04 04:00:00.000","2024-03-21T12:00:00+00.00","2024-03-21T12:00:00+00.00"
"NPg_Substation_February2024","Northern Powergrid","NPg",148553006,"SEVENTH STREET HORDEN","54.764915, -1.3154537",5,215,NA,215,8,30,"2024-02-04 04:30:00.000","2024-03-21T12:00:00+00.00","2024-03-21T12:00:00+00.00"
"NPg_Substation_February2024","Northern Powergrid","NPg",148553006,"SEVENTH STREET HORDEN","54.764915, -1.3154537",5,201,NA,201,8,51,"2024-02-04 05:00:00.000","2024-03-21T12:00:00+00.00","2024-03-21T12:00:00+00.00"
"NPg_Substation_February2024","Northern Powergrid","NPg",148553006,"SEVENTH STREET HORDEN","54.764915, -1.3154537",5,211,NA,211,8,53,"2024-02-04 05:30:00.000","2024-03-21T12:00:00+00.00","2024-03-21T12:00:00+00.00"
"NPg_Substation_February2024","Northern Powergrid","NPg",148553006,"SEVENTH STREET HORDEN","54.764915, -1.3154537",5,149,NA,149,8,34,"2024-02-04 06:00:00.000","2024-03-21T12:00:00+00.00","2024-03-21T12:00:00+00.00"
"NPg_Substation_February2024","Northern Powergrid","NPg",148553006,"SEVENTH STREET HORDEN","54.764915, -1.3154537",5,641,NA,641,8,58,"2024-02-04 06:30:00.000","2024-03-21T12:00:00+00.00","2024-03-21T12:00:00+00.00"
"NPg_Substation_February2024","Northern Powergrid","NPg",148553006,"SEVENTH STREET HORDEN","54.764915, -1.3154537",5,1062,NA,1062,8,88,"2024-02-04 07:00:00.000","2024-03-21T12:00:00+00.00","2024-03-21T12:00:00+00.00"
"NPg_Substation_February2024","Northern Powergrid","NPg",148553006,"SEVENTH STREET HORDEN","54.764915, -1.3154537",5,739,NA,739,8,72,"2024-02-04 07:30:00.000","2024-03-21T12:00:00+00.00","2024-03-21T12:00:00+00.00"
"NPg_Substation_February2024","Northern Powergrid","NPg",148553006,"SEVENTH STREET HORDEN","54.764915, -1.3154537",5,181,NA,181,8,48,"2024-02-04 08:00:00.000","2024-03-21T12:00:00+00.00","2024-03-21T12:00:00+00.00"
"NPg_Substation_February2024","Northern Powergrid","NPg",148553006,"SEVENTH STREET HORDEN","54.764915, -1.3154537",5,177,NA,177,8,39,"2024-02-04 08:30:00.000","2024-03-21T12:00:00+00.00","2024-03-21T12:00:00+00.00"
"NPg_Substation_February2024","Northern Powergrid","NPg",148553006,"SEVENTH STREET HORDEN","54.764915, -1.3154537",5,166,NA,166,8,38,"2024-02-04 09:00:00.000","2024-03-21T12:00:00+00.00","2024-03-21T12:00:00+00.00"
"NPg_Substation_February2024","Northern Powergrid","NPg",148553006,"SEVENTH STREET HORDEN","54.764915, -1.3154537",5,178,NA,178,8,43,"2024-02-04 09:30:00.000","2024-03-21T12:00:00+00.00","2024-03-21T12:00:00+00.00"
"NPg_Substation_February2024","Northern Powergrid","NPg",148553006,"SEVENTH STREET HORDEN","54.764915, -1.3154537",5,128,NA,128,8,60,"2024-02-04 10:00:00.000","2024-03-21T12:00:00+00.00","2024-03-21T12:00:00+00.00"
"NPg_Substation_February2024","Northern Powergrid","NPg",148553006,"SEVENTH STREET HORDEN","54.764915, -1.3154537",5,241,NA,241,8,116,"2024-02-04 10:30:00.000","2024-03-21T12:00:00+00.00","2024-03-21T12:00:00+00.00"
"NPg_Substation_February2024","Northern Powergrid","NPg",148553006,"SEVENTH STREET HORDEN","54.764915, -1.3154537",5,154,NA,154,8,14,"2024-02-04 11:00:00.000","2024-03-21T12:00:00+00.00","2024-03-21T12:00:00+00.00"
"NPg_Substation_February2024","Northern Powergrid","NPg",148553006,"SEVENTH STREET HORDEN","54.764915, -1.3154537",5,237,NA,237,8,27,"2024-02-04 11:30:00.000","2024-03-21T12:00:00+00.00","2024-03-21T12:00:00+00.00"
"NPg_Substation_February2024","Northern Powergrid","NPg",148553006,"SEVENTH STREET HORDEN","54.764915, -1.3154537",5,105,NA,105,8,32,"2024-02-04 12:00:00.000","2024-03-21T12:00:00+00.00","2024-03-21T12:00:00+00.00"
"NPg_Substation_February2024","Northern Powergrid","NPg",148553006,"SEVENTH STREET HORDEN","54.764915, -1.3154537",5,281,NA,281,8,37,"2024-02-04 12:30:00.000","2024-03-21T12:00:00+00.00","2024-03-21T12:00:00+00.00"
"NPg_Substation_February2024","Northern Powergrid","NPg",148553006,"SEVENTH STREET HORDEN","54.764915, -1.3154537",5,259,NA,259,8,50,"2024-02-04 13:00:00.000","2024-03-21T12:00:00+00.00","2024-03-21T12:00:00+00.00"
"NPg_Substation_February2024","Northern Powergrid","NPg",148553006,"SEVENTH STREET HORDEN","54.764915, -1.3154537",5,204,NA,204,8,28,"2024-02-04 13:30:00.000","2024-03-21T12:00:00+00.00","2024-03-21T12:00:00+00.00"
"NPg_Substation_February2024","Northern Powergrid","NPg",148553006,"SEVENTH STREET HORDEN","54.764915, -1.3154537",5,114,NA,114,8,9,"2024-02-04 14:00:00.000","2024-03-21T12:00:00+00.00","2024-03-21T12:00:00+00.00"
"NPg_Substation_February2024","Northern Powergrid","NPg",148553006,"SEVENTH STREET HORDEN","54.764915, -1.3154537",5,165,NA,165,8,36,"2024-02-04 14:30:00.000","2024-03-21T12:00:00+00.00","2024-03-21T12:00:00+00.00"
"NPg_Substation_February2024","Northern Powergrid","NPg",148553006,"SEVENTH STREET HORDEN","54.764915, -1.3154537",5,342,NA,342,8,54,"2024-02-04 15:00:00.000","2024-03-21T12:00:00+00.00","2024-03-21T12:00:00+00.00"
"NPg_Substation_February2024","Northern Powergrid","NPg",148553006,"SEVENTH STREET HORDEN","54.764915, -1.3154537",5,744,NA,744,8,33,"2024-02-04 15:30:00.000","2024-03-21T12:00:00+00.00","2024-03-21T12:00:00+00.00"
"NPg_Substation_February2024","Northern Powergrid","NPg",148553006,"SEVENTH STREET HORDEN","54.764915, -1.3154537",5,436,NA,436,8,14,"2024-02-04 16:00:00.000","2024-03-21T12:00:00+00.00","2024-03-21T12:00:00+00.00"
"NPg_Substation_February2024","Northern Powergrid","NPg",148553006,"SEVENTH STREET HORDEN","54.764915, -1.3154537",5,178,NA,178,8,23,"2024-02-04 16:30:00.000","2024-03-21T12:00:00+00.00","2024-03-21T12:00:00+00.00"
"NPg_Substation_February2024","Northern Powergrid","NPg",148553006,"SEVENTH STREET HORDEN","54.764915, -1.3154537",5,193,NA,193,8,31,"2024-02-04 17:00:00.000","2024-03-21T12:00:00+00.00","2024-03-21T12:00:00+00.00"
"NPg_Substation_February2024","Northern Powergrid","NPg",148553006,"SEVENTH STREET HORDEN","54.764915, -1.3154537",5,197,NA,197,8,62,"2024-02-04 17:30:00.000","2024-03-21T12:00:00+00.00","2024-03-21T12:00:00+00.00"
"NPg_Substation_February2024","Northern Powergrid","NPg",148553006,"SEVENTH STREET HORDEN","54.764915, -1.3154537",5,139,NA,139,8,59,"2024-02-04 18:00:00.000","2024-03-21T12:00:00+00.00","2024-03-21T12:00:00+00.00"
"NPg_Substation_February2024","Northern Powergrid","NPg",148553006,"SEVENTH STREET HORDEN","54.764915, -1.3154537",5,237,NA,237,8,40,"2024-02-04 18:30:00.000","2024-03-21T12:00:00+00.00","2024-03-21T12:00:00+00.00"
"NPg_Substation_February2024","Northern Powergrid","NPg",148553006,"SEVENTH STREET HORDEN","54.764915, -1.3154537",5,224,NA,224,8,53,"2024-02-04 19:00:00.000","2024-03-21T12:00:00+00.00","2024-03-21T12:00:00+00.00"
"NPg_Substation_February2024","Northern Powergrid","NPg",148553006,"SEVENTH STREET HORDEN","54.764915, -1.3154537",5,230,NA,230,8,80,"2024-02-04 19:30:00.000","2024-03-21T12:00:00+00.00","2024-03-21T12:00:00+00.00"
"NPg_Substation_February2024","Northern Powergrid","NPg",148553006,"SEVENTH STREET HORDEN","54.764915, -1.3154537",5,363,NA,363,8,114,"2024-02-04 20:00:00.000","2024-03-21T12:00:00+00.00","2024-03-21T12:00:00+00.00"
"NPg_Substation_February2024","Northern Powergrid","NPg",148553006,"SEVENTH STREET HORDEN","54.764915, -1.3154537",5,293,NA,293,8,123,"2024-02-04 20:30:00.000","2024-03-21T12:00:00+00.00","2024-03-21T12:00:00+00.00"
"NPg_Substation_February2024","Northern Powergrid","NPg",148553006,"SEVENTH STREET HORDEN","54.764915, -1.3154537",5,186,NA,186,8,47,"2024-02-04 21:00:00.000","2024-03-21T12:00:00+00.00","2024-03-21T12:00:00+00.00"
"NPg_Substation_February2024","Northern Powergrid","NPg",148553006,"SEVENTH STREET HORDEN","54.764915, -1.3154537",5,177,NA,177,8,55,"2024-02-04 21:30:00.000","2024-03-21T12:00:00+00.00","2024-03-21T12:00:00+00.00"
"NPg_Substation_February2024","Northern Powergrid","NPg",148553006,"SEVENTH STREET HORDEN","54.764915, -1.3154537",5,212,NA,212,8,50,"2024-02-04 22:00:00.000","2024-03-21T12:00:00+00.00","2024-03-21T12:00:00+00.00"
"NPg_Substation_February2024","Northern Powergrid","NPg",148553006,"SEVENTH STREET HORDEN","54.764915, -1.3154537",5,237,NA,237,8,41,"2024-02-04 22:30:00.000","2024-03-21T12:00:00+00.00","2024-03-21T12:00:00+00.00"
"NPg_Substation_February2024","Northern Powergrid","NPg",148553006,"SEVENTH STREET HORDEN","54.764915, -1.3154537",5,311,NA,311,8,36,"2024-02-04 23:00:00.000","2024-03-21T12:00:00+00.00","2024-03-21T12:00:00+00.00"
"NPg_Substation_February2024","Northern Powergrid","NPg",148553006,"SEVENTH STREET HORDEN","54.764915, -1.3154537",5,225,NA,225,8,55,"2024-02-04 23:30:00.000","2024-03-21T12:00:00+00.00","2024-03-21T12:00:00+00.00"
"NPg_Substation_February2024","Northern Powergrid","NPg",148553006,"SEVENTH STREET HORDEN","54.764915, -1.3154537",5,193,NA,193,8,40,"2024-02-05 00:00:00.000","2024-03-21T12:00:00+00.00","2024-03-21T12:00:00+00.00"
"NPg_Substation_February2024","Northern Powergrid","NPg",148553006,"SEVENTH STREET HORDEN","54.764915, -1.3154537",5,236,NA,236,8,35,"2024-02-05 00:30:00.000","2024-03-21T12:00:00+00.00","2024-03-21T12:00:00+00.00"
"NPg_Substation_February2024","Northern Powergrid","NPg",148553006,"SEVENTH STREET HORDEN","54.764915, -1.3154537",5,134,NA,134,8,42,"2024-02-05 01:00:00.000","2024-03-21T12:00:00+00.00","2024-03-21T12:00:00+00.00"
"NPg_Substation_February2024","Northern Powergrid","NPg",148553006,"SEVENTH STREET HORDEN","54.764915, -1.3154537",5,227,NA,227,8,67,"2024-02-05 01:30:00.000","2024-03-21T12:00:00+00.00","2024-03-21T12:00:00+00.00"
"NPg_Substation_February2024","Northern Powergrid","NPg",148553006,"SEVENTH STREET HORDEN","54.764915, -1.3154537",5,125,NA,125,8,33,"2024-02-05 02:00:00.000","2024-03-21T12:00:00+00.00","2024-03-21T12:00:00+00.00"
"NPg_Substation_February2024","Northern Powergrid","NPg",148553006,"SEVENTH STREET HORDEN","54.764915, -1.3154537",5,224,NA,224,8,80,"2024-02-05 02:30:00.000","2024-03-21T12:00:00+00.00","2024-03-21T12:00:00+00.00"
"NPg_Substation_February2024","Northern Powergrid","NPg",148553006,"SEVENTH STREET HORDEN","54.764915, -1.3154537",5,150,NA,150,8,94,"2024-02-05 03:00:00.000","2024-03-21T12:00:00+00.00","2024-03-21T12:00:00+00.00"
"NPg_Substation_February2024","Northern Powergrid","NPg",148553006,"SEVENTH STREET HORDEN","54.764915, -1.3154537",5,199,NA,199,8,51,"2024-02-05 03:30:00.000","2024-03-21T12:00:00+00.00","2024-03-21T12:00:00+00.00"
"NPg_Substation_February2024","Northern Powergrid","NPg",148553006,"SEVENTH STREET HORDEN","54.764915, -1.3154537",5,156,NA,156,8,43,"2024-02-05 04:00:00.000","2024-03-21T12:00:00+00.00","2024-03-21T12:00:00+00.00"
"NPg_Substation_February2024","Northern Powergrid","NPg",148553006,"SEVENTH STREET HORDEN","54.764915, -1.3154537",5,207,NA,207,8,56,"2024-02-05 04:30:00.000","2024-03-21T12:00:00+00.00","2024-03-21T12:00:00+00.00"
"NPg_Substation_February2024","Northern Powergrid","NPg",148553006,"SEVENTH STREET HORDEN","54.764915, -1.3154537",5,204,NA,204,8,59,"2024-02-05 05:00:00.000","2024-03-21T12:00:00+00.00","2024-03-21T12:00:00+00.00"
"NPg_Substation_February2024","Northern Powergrid","NPg",148553006,"SEVENTH STREET HORDEN","54.764915, -1.3154537",5,169,NA,169,8,40,"2024-02-05 05:30:00.000","2024-03-21T12:00:00+00.00","2024-03-21T12:00:00+00.00"
"NPg_Substation_February2024","Northern Powergrid","NPg",148553006,"SEVENTH STREET HORDEN","54.764915, -1.3154537",5,211,NA,211,8,43,"2024-02-05 06:00:00.000","2024-03-21T12:00:00+00.00","2024-03-21T12:00:00+00.00"
"NPg_Substation_February2024","Northern Powergrid","NPg",148553006,"SEVENTH STREET HORDEN","54.764915, -1.3154537",5,141,NA,141,8,46,"2024-02-05 06:30:00.000","2024-03-21T12:00:00+00.00","2024-03-21T12:00:00+00.00"
"NPg_Substation_February2024","Northern Powergrid","NPg",148553006,"SEVENTH STREET HORDEN","54.764915, -1.3154537",5,235,NA,235,8,208,"2024-02-05 07:00:00.000","2024-03-21T12:00:00+00.00","2024-03-21T12:00:00+00.00"
"NPg_Substation_February2024","Northern Powergrid","NPg",148553006,"SEVENTH STREET HORDEN","54.764915, -1.3154537",5,165,NA,165,8,59,"2024-02-05 07:30:00.000","2024-03-21T12:00:00+00.00","2024-03-21T12:00:00+00.00"
"NPg_Substation_February2024","Northern Powergrid","NPg",148553006,"SEVENTH STREET HORDEN","54.764915, -1.3154537",5,196,NA,196,8,25,"2024-02-05 08:00:00.000","2024-03-21T12:00:00+00.00","2024-03-21T12:00:00+00.00"
"NPg_Substation_February2024","Northern Powergrid","NPg",148553006,"SEVENTH STREET HORDEN","54.764915, -1.3154537",5,161,NA,161,8,21,"2024-02-05 08:30:00.000","2024-03-21T12:00:00+00.00","2024-03-21T12:00:00+00.00"
"NPg_Substation_February2024","Northern Powergrid","NPg",148553006,"SEVENTH STREET HORDEN","54.764915, -1.3154537",5,207,NA,207,8,16,"2024-02-05 09:00:00.000","2024-03-21T12:00:00+00.00","2024-03-21T12:00:00+00.00"
"NPg_Substation_February2024","Northern Powergrid","NPg",148553006,"SEVENTH STREET HORDEN","54.764915, -1.3154537",5,130,NA,130,8,19,"2024-02-05 09:30:00.000","2024-03-21T12:00:00+00.00","2024-03-21T12:00:00+00.00"
"NPg_Substation_February2024","Northern Powergrid","NPg",148553006,"SEVENTH STREET HORDEN","54.764915, -1.3154537",5,556,NA,556,8,48,"2024-02-05 10:00:00.000","2024-03-21T12:00:00+00.00","2024-03-21T12:00:00+00.00"
"NPg_Substation_February2024","Northern Powergrid","NPg",148553006,"SEVENTH STREET HORDEN","54.764915, -1.3154537",5,647,NA,647,8,309,"2024-02-05 10:30:00.000","2024-03-21T12:00:00+00.00","2024-03-21T12:00:00+00.00"
"NPg_Substation_February2024","Northern Powergrid","NPg",148553006,"SEVENTH STREET HORDEN","54.764915, -1.3154537",5,407,NA,407,8,86,"2024-02-05 11:00:00.000","2024-03-21T12:00:00+00.00","2024-03-21T12:00:00+00.00"
"NPg_Substation_February2024","Northern Powergrid","NPg",148553006,"SEVENTH STREET HORDEN","54.764915, -1.3154537",5,384,NA,384,8,16,"2024-02-05 11:30:00.000","2024-03-21T12:00:00+00.00","2024-03-21T12:00:00+00.00"
"NPg_Substation_February2024","Northern Powergrid","NPg",148553006,"SEVENTH STREET HORDEN","54.764915, -1.3154537",5,2166,NA,2166,8,135,"2024-02-05 12:00:00.000","2024-03-21T12:00:00+00.00","2024-03-21T12:00:00+00.00"
"NPg_Substation_February2024","Northern Powergrid","NPg",148553006,"SEVENTH STREET HORDEN","54.764915, -1.3154537",5,559,NA,559,8,36,"2024-02-05 12:30:00.000","2024-03-21T12:00:00+00.00","2024-03-21T12:00:00+00.00"
"NPg_Substation_February2024","Northern Powergrid","NPg",148553006,"SEVENTH STREET HORDEN","54.764915, -1.3154537",5,565,NA,565,8,40,"2024-02-05 13:00:00.000","2024-03-21T12:00:00+00.00","2024-03-21T12:00:00+00.00"
"NPg_Substation_February2024","Northern Powergrid","NPg",148553006,"SEVENTH STREET HORDEN","54.764915, -1.3154537",5,168,NA,168,8,158,"2024-02-05 13:30:00.000","2024-03-21T12:00:00+00.00","2024-03-21T12:00:00+00.00"
"NPg_Substation_February2024","Northern Powergrid","NPg",148553006,"SEVENTH STREET HORDEN","54.764915, -1.3154537",5,314,NA,314,8,27,"2024-02-05 14:00:00.000","2024-03-21T12:00:00+00.00","2024-03-21T12:00:00+00.00"
"NPg_Substation_February2024","Northern Powergrid","NPg",148553006,"SEVENTH STREET HORDEN","54.764915, -1.3154537",5,167,NA,167,8,22,"2024-02-05 14:30:00.000","2024-03-21T12:00:00+00.00","2024-03-21T12:00:00+00.00"
"NPg_Substation_February2024","Northern Powergrid","NPg",148553006,"SEVENTH STREET HORDEN","54.764915, -1.3154537",5,454,NA,454,8,28,"2024-02-05 15:00:00.000","2024-03-21T12:00:00+00.00","2024-03-21T12:00:00+00.00"
"NPg_Substation_February2024","Northern Powergrid","NPg",148553006,"SEVENTH STREET HORDEN","54.764915, -1.3154537",5,509,NA,509,8,18,"2024-02-05 15:30:00.000","2024-03-21T12:00:00+00.00","2024-03-21T12:00:00+00.00"
"NPg_Substation_February2024","Northern Powergrid","NPg",148553006,"SEVENTH STREET HORDEN","54.764915, -1.3154537",5,740,NA,740,8,13,"2024-02-05 16:00:00.000","2024-03-21T12:00:00+00.00","2024-03-21T12:00:00+00.00"
"NPg_Substation_February2024","Northern Powergrid","NPg",148553006,"SEVENTH STREET HORDEN","54.764915, -1.3154537",5,700,NA,700,8,17,"2024-02-05 16:30:00.000","2024-03-21T12:00:00+00.00","2024-03-21T12:00:00+00.00"
"NPg_Substation_February2024","Northern Powergrid","NPg",148553006,"SEVENTH STREET HORDEN","54.764915, -1.3154537",5,808,NA,808,8,83,"2024-02-05 17:00:00.000","2024-03-21T12:00:00+00.00","2024-03-21T12:00:00+00.00"
"NPg_Substation_February2024","Northern Powergrid","NPg",148553006,"SEVENTH STREET HORDEN","54.764915, -1.3154537",5,696,NA,696,8,66,"2024-02-05 17:30:00.000","2024-03-21T12:00:00+00.00","2024-03-21T12:00:00+00.00"
"NPg_Substation_February2024","Northern Powergrid","NPg",148553006,"SEVENTH STREET HORDEN","54.764915, -1.3154537",5,574,NA,574,8,80,"2024-02-05 18:00:00.000","2024-03-21T12:00:00+00.00","2024-03-21T12:00:00+00.00"
"NPg_Substation_February2024","Northern Powergrid","NPg",148553006,"SEVENTH STREET HORDEN","54.764915, -1.3154537",5,938,NA,938,8,62,"2024-02-05 18:30:00.000","2024-03-21T12:00:00+00.00","2024-03-21T12:00:00+00.00"
"NPg_Substation_February2024","Northern Powergrid","NPg",148553006,"SEVENTH STREET HORDEN","54.764915, -1.3154537",5,633,NA,633,8,32,"2024-02-05 19:00:00.000","2024-03-21T12:00:00+00.00","2024-03-21T12:00:00+00.00"
"NPg_Substation_February2024","Northern Powergrid","NPg",148553006,"SEVENTH STREET HORDEN","54.764915, -1.3154537",5,463,NA,463,8,110,"2024-02-05 19:30:00.000","2024-03-21T12:00:00+00.00","2024-03-21T12:00:00+00.00"
"NPg_Substation_February2024","Northern Powergrid","NPg",148553006,"SEVENTH STREET HORDEN","54.764915, -1.3154537",5,1384,NA,1384,8,72,"2024-02-05 20:00:00.000","2024-03-21T12:00:00+00.00","2024-03-21T12:00:00+00.00"
"NPg_Substation_February2024","Northern Powergrid","NPg",148553006,"SEVENTH STREET HORDEN","54.764915, -1.3154537",5,888,NA,888,8,79,"2024-02-05 20:30:00.000","2024-03-21T12:00:00+00.00","2024-03-21T12:00:00+00.00"
"NPg_Substation_February2024","Northern Powergrid","NPg",148553006,"SEVENTH STREET HORDEN","54.764915, -1.3154537",5,880,NA,880,8,106,"2024-02-05 21:00:00.000","2024-03-21T12:00:00+00.00","2024-03-21T12:00:00+00.00"
"NPg_Substation_February2024","Northern Powergrid","NPg",148553006,"SEVENTH STREET HORDEN","54.764915, -1.3154537",5,458,NA,458,8,136,"2024-02-05 21:30:00.000","2024-03-21T12:00:00+00.00","2024-03-21T12:00:00+00.00"
"NPg_Substation_February2024","Northern Powergrid","NPg",148553006,"SEVENTH STREET HORDEN","54.764915, -1.3154537",5,346,NA,346,8,91,"2024-02-05 22:00:00.000","2024-03-21T12:00:00+00.00","2024-03-21T12:00:00+00.00"
"NPg_Substation_February2024","Northern Powergrid","NPg",148553006,"SEVENTH STREET HORDEN","54.764915, -1.3154537",5,1612,NA,1612,8,41,"2024-02-05 22:30:00.000","2024-03-21T12:00:00+00.00","2024-03-21T12:00:00+00.00"
"NPg_Substation_February2024","Northern Powergrid","NPg",148553006,"SEVENTH STREET HORDEN","54.764915, -1.3154537",5,229,NA,229,8,45,"2024-02-05 23:00:00.000","2024-03-21T12:00:00+00.00","2024-03-21T12:00:00+00.00"
"NPg_Substation_February2024","Northern Powergrid","NPg",148553006,"SEVENTH STREET HORDEN","54.764915, -1.3154537",5,460,NA,460,8,48,"2024-02-05 23:30:00.000","2024-03-21T12:00:00+00.00","2024-03-21T12:00:00+00.00"
"NPg_Substation_February2024","Northern Powergrid","NPg",148553006,"SEVENTH STREET HORDEN","54.764915, -1.3154537",5,1174,NA,1174,8,33,"2024-02-06 00:00:00.000","2024-03-21T12:00:00+00.00","2024-03-21T12:00:00+00.00"
"NPg_Substation_February2024","Northern Powergrid","NPg",148553006,"SEVENTH STREET HORDEN","54.764915, -1.3154537",5,594,NA,594,8,50,"2024-02-06 00:30:00.000","2024-03-21T12:00:00+00.00","2024-03-21T12:00:00+00.00"
"NPg_Substation_February2024","Northern Powergrid","NPg",148553006,"SEVENTH STREET HORDEN","54.764915, -1.3154537",5,309,NA,309,8,52,"2024-02-06 01:00:00.000","2024-03-21T12:00:00+00.00","2024-03-21T12:00:00+00.00"
"NPg_Substation_February2024","Northern Powergrid","NPg",148553006,"SEVENTH STREET HORDEN","54.764915, -1.3154537",5,408,NA,408,8,46,"2024-02-06 01:30:00.000","2024-03-21T12:00:00+00.00","2024-03-21T12:00:00+00.00"
"NPg_Substation_February2024","Northern Powergrid","NPg",148553006,"SEVENTH STREET HORDEN","54.764915, -1.3154537",5,175,NA,175,8,55,"2024-02-06 02:00:00.000","2024-03-21T12:00:00+00.00","2024-03-21T12:00:00+00.00"
"NPg_Substation_February2024","Northern Powergrid","NPg",148553006,"SEVENTH STREET HORDEN","54.764915, -1.3154537",5,295,NA,295,8,60,"2024-02-06 02:30:00.000","2024-03-21T12:00:00+00.00","2024-03-21T12:00:00+00.00"
"NPg_Substation_February2024","Northern Powergrid","NPg",148553006,"SEVENTH STREET HORDEN","54.764915, -1.3154537",5,159,NA,159,8,46,"2024-02-06 03:00:00.000","2024-03-21T12:00:00+00.00","2024-03-21T12:00:00+00.00"
"NPg_Substation_February2024","Northern Powergrid","NPg",148553006,"SEVENTH STREET HORDEN","54.764915, -1.3154537",5,268,NA,268,8,43,"2024-02-06 03:30:00.000","2024-03-21T12:00:00+00.00","2024-03-21T12:00:00+00.00"
"NPg_Substation_February2024","Northern Powergrid","NPg",148553006,"SEVENTH STREET HORDEN","54.764915, -1.3154537",5,181,NA,181,8,43,"2024-02-06 04:00:00.000","2024-03-21T12:00:00+00.00","2024-03-21T12:00:00+00.00"
"NPg_Substation_February2024","Northern Powergrid","NPg",148553006,"SEVENTH STREET HORDEN","54.764915, -1.3154537",5,352,NA,352,8,52,"2024-02-06 04:30:00.000","2024-03-21T12:00:00+00.00","2024-03-21T12:00:00+00.00"
"NPg_Substation_February2024","Northern Powergrid","NPg",148553006,"SEVENTH STREET HORDEN","54.764915, -1.3154537",5,237,NA,237,8,68,"2024-02-06 05:00:00.000","2024-03-21T12:00:00+00.00","2024-03-21T12:00:00+00.00"
"NPg_Substation_February2024","Northern Powergrid","NPg",148553006,"SEVENTH STREET HORDEN","54.764915, -1.3154537",5,263,NA,263,8,66,"2024-02-06 05:30:00.000","2024-03-21T12:00:00+00.00","2024-03-21T12:00:00+00.00"
"NPg_Substation_February2024","Northern Powergrid","NPg",148553006,"SEVENTH STREET HORDEN","54.764915, -1.3154537",5,199,NA,199,8,49,"2024-02-06 06:00:00.000","2024-03-21T12:00:00+00.00","2024-03-21T12:00:00+00.00"
"NPg_Substation_February2024","Northern Powergrid","NPg",148553006,"SEVENTH STREET HORDEN","54.764915, -1.3154537",5,239,NA,239,8,54,"2024-02-06 06:30:00.000","2024-03-21T12:00:00+00.00","2024-03-21T12:00:00+00.00"
"NPg_Substation_February2024","Northern Powergrid","NPg",148553006,"SEVENTH STREET HORDEN","54.764915, -1.3154537",5,226,NA,226,8,53,"2024-02-06 07:00:00.000","2024-03-21T12:00:00+00.00","2024-03-21T12:00:00+00.00"
"NPg_Substation_February2024","Northern Powergrid","NPg",148553006,"SEVENTH STREET HORDEN","54.764915, -1.3154537",5,248,NA,248,8,39,"2024-02-06 07:30:00.000","2024-03-21T12:00:00+00.00","2024-03-21T12:00:00+00.00"
"NPg_Substation_February2024","Northern Powergrid","NPg",148553006,"SEVENTH STREET HORDEN","54.764915, -1.3154537",5,400,NA,400,8,65,"2024-02-06 08:00:00.000","2024-03-21T12:00:00+00.00","2024-03-21T12:00:00+00.00"
"NPg_Substation_February2024","Northern Powergrid","NPg",148553006,"SEVENTH STREET HORDEN","54.764915, -1.3154537",5,274,NA,274,8,67,"2024-02-06 08:30:00.000","2024-03-21T12:00:00+00.00","2024-03-21T12:00:00+00.00"
"NPg_Substation_February2024","Northern Powergrid","NPg",148553006,"SEVENTH STREET HORDEN","54.764915, -1.3154537",5,270,NA,270,8,42,"2024-02-06 09:00:00.000","2024-03-21T12:00:00+00.00","2024-03-21T12:00:00+00.00"
"NPg_Substation_February2024","Northern Powergrid","NPg",148553006,"SEVENTH STREET HORDEN","54.764915, -1.3154537",5,325,NA,325,8,27,"2024-02-06 09:30:00.000","2024-03-21T12:00:00+00.00","2024-03-21T12:00:00+00.00"
"NPg_Substation_February2024","Northern Powergrid","NPg",148553006,"SEVENTH STREET HORDEN","54.764915, -1.3154537",5,594,NA,594,8,27,"2024-02-06 10:00:00.000","2024-03-21T12:00:00+00.00","2024-03-21T12:00:00+00.00"
"NPg_Substation_February2024","Northern Powergrid","NPg",148553006,"SEVENTH STREET HORDEN","54.764915, -1.3154537",5,285,NA,285,8,17,"2024-02-06 10:30:00.000","2024-03-21T12:00:00+00.00","2024-03-21T12:00:00+00.00"
"NPg_Substation_February2024","Northern Powergrid","NPg",148553006,"SEVENTH STREET HORDEN","54.764915, -1.3154537",5,437,NA,437,8,12,"2024-02-06 11:00:00.000","2024-03-21T12:00:00+00.00","2024-03-21T12:00:00+00.00"
"NPg_Substation_February2024","Northern Powergrid","NPg",148553006,"SEVENTH STREET HORDEN","54.764915, -1.3154537",5,255,NA,255,8,27,"2024-02-06 11:30:00.000","2024-03-21T12:00:00+00.00","2024-03-21T12:00:00+00.00"
"NPg_Substation_February2024","Northern Powergrid","NPg",148553006,"SEVENTH STREET HORDEN","54.764915, -1.3154537",5,1457,NA,1457,8,29,"2024-02-06 12:00:00.000","2024-03-21T12:00:00+00.00","2024-03-21T12:00:00+00.00"
"NPg_Substation_February2024","Northern Powergrid","NPg",148553006,"SEVENTH STREET HORDEN","54.764915, -1.3154537",5,1564,NA,1564,8,14,"2024-02-06 12:30:00.000","2024-03-21T12:00:00+00.00","2024-03-21T12:00:00+00.00"
"NPg_Substation_February2024","Northern Powergrid","NPg",148553006,"SEVENTH STREET HORDEN","54.764915, -1.3154537",5,333,NA,333,8,25,"2024-02-06 13:00:00.000","2024-03-21T12:00:00+00.00","2024-03-21T12:00:00+00.00"
"NPg_Substation_February2024","Northern Powergrid","NPg",148553006,"SEVENTH STREET HORDEN","54.764915, -1.3154537",5,171,NA,171,8,14,"2024-02-06 13:30:00.000","2024-03-21T12:00:00+00.00","2024-03-21T12:00:00+00.00"
"NPg_Substation_February2024","Northern Powergrid","NPg",148553006,"SEVENTH STREET HORDEN","54.764915, -1.3154537",5,293,NA,293,8,29,"2024-02-06 14:00:00.000","2024-03-21T12:00:00+00.00","2024-03-21T12:00:00+00.00"
"NPg_Substation_February2024","Northern Powergrid","NPg",148553006,"SEVENTH STREET HORDEN","54.764915, -1.3154537",5,194,NA,194,8,25,"2024-02-06 14:30:00.000","2024-03-21T12:00:00+00.00","2024-03-21T12:00:00+00.00"
"NPg_Substation_February2024","Northern Powergrid","NPg",148553006,"SEVENTH STREET HORDEN","54.764915, -1.3154537",5,228,NA,228,8,16,"2024-02-06 15:00:00.000","2024-03-21T12:00:00+00.00","2024-03-21T12:00:00+00.00"
"NPg_Substation_February2024","Northern Powergrid","NPg",148553006,"SEVENTH STREET HORDEN","54.764915, -1.3154537",5,259,NA,259,8,12,"2024-02-06 15:30:00.000","2024-03-21T12:00:00+00.00","2024-03-21T12:00:00+00.00"
"NPg_Substation_February2024","Northern Powergrid","NPg",148553006,"SEVENTH STREET HORDEN","54.764915, -1.3154537",5,625,NA,625,8,38,"2024-02-06 16:00:00.000","2024-03-21T12:00:00+00.00","2024-03-21T12:00:00+00.00"
"NPg_Substation_February2024","Northern Powergrid","NPg",148553006,"SEVENTH STREET HORDEN","54.764915, -1.3154537",5,181,NA,181,8,25,"2024-02-06 16:30:00.000","2024-03-21T12:00:00+00.00","2024-03-21T12:00:00+00.00"
"NPg_Substation_February2024","Northern Powergrid","NPg",148553006,"SEVENTH STREET HORDEN","54.764915, -1.3154537",5,286,NA,286,8,68,"2024-02-06 17:00:00.000","2024-03-21T12:00:00+00.00","2024-03-21T12:00:00+00.00"
"NPg_Substation_February2024","Northern Powergrid","NPg",148553006,"SEVENTH STREET HORDEN","54.764915, -1.3154537",5,958,NA,958,8,111,"2024-02-06 17:30:00.000","2024-03-21T12:00:00+00.00","2024-03-21T12:00:00+00.00"
"NPg_Substation_February2024","Northern Powergrid","NPg",148553006,"SEVENTH STREET HORDEN","54.764915, -1.3154537",5,1412,NA,1412,8,66,"2024-02-06 18:00:00.000","2024-03-21T12:00:00+00.00","2024-03-21T12:00:00+00.00"
"NPg_Substation_February2024","Northern Powergrid","NPg",148553006,"SEVENTH STREET HORDEN","54.764915, -1.3154537",5,1334,NA,1334,8,101,"2024-02-06 18:30:00.000","2024-03-21T12:00:00+00.00","2024-03-21T12:00:00+00.00"
"NPg_Substation_February2024","Northern Powergrid","NPg",148553006,"SEVENTH STREET HORDEN","54.764915, -1.3154537",5,2356,NA,2356,8,154,"2024-02-06 19:00:00.000","2024-03-21T12:00:00+00.00","2024-03-21T12:00:00+00.00"
"NPg_Substation_February2024","Northern Powergrid","NPg",148553006,"SEVENTH STREET HORDEN","54.764915, -1.3154537",5,289,NA,289,8,138,"2024-02-06 19:30:00.000","2024-03-21T12:00:00+00.00","2024-03-21T12:00:00+00.00"
"NPg_Substation_February2024","Northern Powergrid","NPg",148553006,"SEVENTH STREET HORDEN","54.764915, -1.3154537",5,289,NA,289,8,37,"2024-02-06 20:00:00.000","2024-03-21T12:00:00+00.00","2024-03-21T12:00:00+00.00"
"NPg_Substation_February2024","Northern Powergrid","NPg",148553006,"SEVENTH STREET HORDEN","54.764915, -1.3154537",5,199,NA,199,8,54,"2024-02-06 20:30:00.000","2024-03-21T12:00:00+00.00","2024-03-21T12:00:00+00.00"
"NPg_Substation_February2024","Northern Powergrid","NPg",148553006,"SEVENTH STREET HORDEN","54.764915, -1.3154537",5,552,NA,552,8,71,"2024-02-06 21:00:00.000","2024-03-21T12:00:00+00.00","2024-03-21T12:00:00+00.00"
"NPg_Substation_February2024","Northern Powergrid","NPg",148553006,"SEVENTH STREET HORDEN","54.764915, -1.3154537",5,251,NA,251,8,50,"2024-02-06 21:30:00.000","2024-03-21T12:00:00+00.00","2024-03-21T12:00:00+00.00"
"NPg_Substation_February2024","Northern Powergrid","NPg",148553006,"SEVENTH STREET HORDEN","54.764915, -1.3154537",5,311,NA,311,8,47,"2024-02-06 22:00:00.000","2024-03-21T12:00:00+00.00","2024-03-21T12:00:00+00.00"
"NPg_Substation_February2024","Northern Powergrid","NPg",148553006,"SEVENTH STREET HORDEN","54.764915, -1.3154537",5,201,NA,201,8,46,"2024-02-06 22:30:00.000","2024-03-21T12:00:00+00.00","2024-03-21T12:00:00+00.00"
"NPg_Substation_February2024","Northern Powergrid","NPg",148553006,"SEVENTH STREET HORDEN","54.764915, -1.3154537",5,277,NA,277,8,26,"2024-02-06 23:00:00.000","2024-03-21T12:00:00+00.00","2024-03-21T12:00:00+00.00"
"NPg_Substation_February2024","Northern Powergrid","NPg",148553006,"SEVENTH STREET HORDEN","54.764915, -1.3154537",5,237,NA,237,8,38,"2024-02-06 23:30:00.000","2024-03-21T12:00:00+00.00","2024-03-21T12:00:00+00.00"
"NPg_Substation_February2024","Northern Powergrid","NPg",148553006,"SEVENTH STREET HORDEN","54.764915, -1.3154537",5,247,NA,247,8,50,"2024-02-07 00:00:00.000","2024-03-21T12:00:00+00.00","2024-03-21T12:00:00+00.00"
"NPg_Substation_February2024","Northern Powergrid","NPg",148553006,"SEVENTH STREET HORDEN","54.764915, -1.3154537",5,263,NA,263,8,34,"2024-02-07 00:30:00.000","2024-03-21T12:00:00+00.00","2024-03-21T12:00:00+00.00"
"NPg_Substation_February2024","Northern Powergrid","NPg",148553006,"SEVENTH STREET HORDEN","54.764915, -1.3154537",5,1147,NA,1147,8,40,"2024-02-07 01:00:00.000","2024-03-21T12:00:00+00.00","2024-03-21T12:00:00+00.00"
"NPg_Substation_February2024","Northern Powergrid","NPg",148553006,"SEVENTH STREET HORDEN","54.764915, -1.3154537",5,1062,NA,1062,8,52,"2024-02-07 01:30:00.000","2024-03-21T12:00:00+00.00","2024-03-21T12:00:00+00.00"
"NPg_Substation_February2024","Northern Powergrid","NPg",148553006,"SEVENTH STREET HORDEN","54.764915, -1.3154537",5,201,NA,201,8,50,"2024-02-07 02:00:00.000","2024-03-21T12:00:00+00.00","2024-03-21T12:00:00+00.00"
"NPg_Substation_February2024","Northern Powergrid","NPg",148553006,"SEVENTH STREET HORDEN","54.764915, -1.3154537",5,246,NA,246,8,41,"2024-02-07 02:30:00.000","2024-03-21T12:00:00+00.00","2024-03-21T12:00:00+00.00"
"NPg_Substation_February2024","Northern Powergrid","NPg",148553006,"SEVENTH STREET HORDEN","54.764915, -1.3154537",5,163,NA,163,8,40,"2024-02-07 03:00:00.000","2024-03-21T12:00:00+00.00","2024-03-21T12:00:00+00.00"
"NPg_Substation_February2024","Northern Powergrid","NPg",148553006,"SEVENTH STREET HORDEN","54.764915, -1.3154537",5,240,NA,240,8,27,"2024-02-07 03:30:00.000","2024-03-21T12:00:00+00.00","2024-03-21T12:00:00+00.00"
"NPg_Substation_February2024","Northern Powergrid","NPg",148553006,"SEVENTH STREET HORDEN","54.764915, -1.3154537",5,172,NA,172,8,84,"2024-02-07 04:00:00.000","2024-03-21T12:00:00+00.00","2024-03-21T12:00:00+00.00"
"NPg_Substation_February2024","Northern Powergrid","NPg",148553006,"SEVENTH STREET HORDEN","54.764915, -1.3154537",5,227,NA,227,8,78,"2024-02-07 04:30:00.000","2024-03-21T12:00:00+00.00","2024-03-21T12:00:00+00.00"
"NPg_Substation_February2024","Northern Powergrid","NPg",148553006,"SEVENTH STREET HORDEN","54.764915, -1.3154537",5,114,NA,114,8,43,"2024-02-07 05:00:00.000","2024-03-21T12:00:00+00.00","2024-03-21T12:00:00+00.00"
"NPg_Substation_February2024","Northern Powergrid","NPg",148553006,"SEVENTH STREET HORDEN","54.764915, -1.3154537",5,281,NA,281,8,46,"2024-02-07 05:30:00.000","2024-03-21T12:00:00+00.00","2024-03-21T12:00:00+00.00"
"NPg_Substation_February2024","Northern Powergrid","NPg",148553006,"SEVENTH STREET HORDEN","54.764915, -1.3154537",5,151,NA,151,8,39,"2024-02-07 06:00:00.000","2024-03-21T12:00:00+00.00","2024-03-21T12:00:00+00.00"
"NPg_Substation_February2024","Northern Powergrid","NPg",148553006,"SEVENTH STREET HORDEN","54.764915, -1.3154537",5,226,NA,226,8,122,"2024-02-07 06:30:00.000","2024-03-21T12:00:00+00.00","2024-03-21T12:00:00+00.00"
"NPg_Substation_February2024","Northern Powergrid","NPg",148553006,"SEVENTH STREET HORDEN","54.764915, -1.3154537",5,296,NA,296,8,184,"2024-02-07 07:00:00.000","2024-03-21T12:00:00+00.00","2024-03-21T12:00:00+00.00"
"NPg_Substation_February2024","Northern Powergrid","NPg",148553006,"SEVENTH STREET HORDEN","54.764915, -1.3154537",5,671,NA,671,8,68,"2024-02-07 07:30:00.000","2024-03-21T12:00:00+00.00","2024-03-21T12:00:00+00.00"
"NPg_Substation_February2024","Northern Powergrid","NPg",148553006,"SEVENTH STREET HORDEN","54.764915, -1.3154537",5,187,NA,187,8,40,"2024-02-07 08:00:00.000","2024-03-21T12:00:00+00.00","2024-03-21T12:00:00+00.00"
"NPg_Substation_February2024","Northern Powergrid","NPg",148553006,"SEVENTH STREET HORDEN","54.764915, -1.3154537",5,276,NA,276,8,279,"2024-02-07 08:30:00.000","2024-03-21T12:00:00+00.00","2024-03-21T12:00:00+00.00"
"NPg_Substation_February2024","Northern Powergrid","NPg",148553006,"SEVENTH STREET HORDEN","54.764915, -1.3154537",5,154,NA,154,8,97,"2024-02-07 09:00:00.000","2024-03-21T12:00:00+00.00","2024-03-21T12:00:00+00.00"
"NPg_Substation_February2024","Northern Powergrid","NPg",148553006,"SEVENTH STREET HORDEN","54.764915, -1.3154537",5,444,NA,444,8,18,"2024-02-07 09:30:00.000","2024-03-21T12:00:00+00.00","2024-03-21T12:00:00+00.00"
"NPg_Substation_February2024","Northern Powergrid","NPg",148553006,"SEVENTH STREET HORDEN","54.764915, -1.3154537",5,256,NA,256,8,26,"2024-02-07 10:00:00.000","2024-03-21T12:00:00+00.00","2024-03-21T12:00:00+00.00"
"NPg_Substation_February2024","Northern Powergrid","NPg",148553006,"SEVENTH STREET HORDEN","54.764915, -1.3154537",5,576,NA,576,8,43,"2024-02-07 10:30:00.000","2024-03-21T12:00:00+00.00","2024-03-21T12:00:00+00.00"
"NPg_Substation_February2024","Northern Powergrid","NPg",148553006,"SEVENTH STREET HORDEN","54.764915, -1.3154537",5,282,NA,282,8,17,"2024-02-07 11:00:00.000","2024-03-21T12:00:00+00.00","2024-03-21T12:00:00+00.00"
"NPg_Substation_February2024","Northern Powergrid","NPg",148553006,"SEVENTH STREET HORDEN","54.764915, -1.3154537",5,269,NA,269,8,9,"2024-02-07 11:30:00.000","2024-03-21T12:00:00+00.00","2024-03-21T12:00:00+00.00"
"NPg_Substation_February2024","Northern Powergrid","NPg",148553006,"SEVENTH STREET HORDEN","54.764915, -1.3154537",5,464,NA,464,8,10,"2024-02-07 12:00:00.000","2024-03-21T12:00:00+00.00","2024-03-21T12:00:00+00.00"
"NPg_Substation_February2024","Northern Powergrid","NPg",148553006,"SEVENTH STREET HORDEN","54.764915, -1.3154537",5,482,NA,482,8,7,"2024-02-07 12:30:00.000","2024-03-21T12:00:00+00.00","2024-03-21T12:00:00+00.00"
"NPg_Substation_February2024","Northern Powergrid","NPg",148553006,"SEVENTH STREET HORDEN","54.764915, -1.3154537",5,640,NA,640,8,10,"2024-02-07 13:00:00.000","2024-03-21T12:00:00+00.00","2024-03-21T12:00:00+00.00"
"NPg_Substation_February2024","Northern Powergrid","NPg",148553006,"SEVENTH STREET HORDEN","54.764915, -1.3154537",5,855,NA,855,8,22,"2024-02-07 13:30:00.000","2024-03-21T12:00:00+00.00","2024-03-21T12:00:00+00.00"
"NPg_Substation_February2024","Northern Powergrid","NPg",148553006,"SEVENTH STREET HORDEN","54.764915, -1.3154537",5,524,NA,524,8,24,"2024-02-07 14:00:00.000","2024-03-21T12:00:00+00.00","2024-03-21T12:00:00+00.00"
"NPg_Substation_February2024","Northern Powergrid","NPg",148553006,"SEVENTH STREET HORDEN","54.764915, -1.3154537",5,315,NA,315,8,21,"2024-02-07 14:30:00.000","2024-03-21T12:00:00+00.00","2024-03-21T12:00:00+00.00"
"NPg_Substation_February2024","Northern Powergrid","NPg",148553006,"SEVENTH STREET HORDEN","54.764915, -1.3154537",5,376,NA,376,8,13,"2024-02-07 15:00:00.000","2024-03-21T12:00:00+00.00","2024-03-21T12:00:00+00.00"
"NPg_Substation_February2024","Northern Powergrid","NPg",148553006,"SEVENTH STREET HORDEN","54.764915, -1.3154537",5,348,NA,348,8,15,"2024-02-07 15:30:00.000","2024-03-21T12:00:00+00.00","2024-03-21T12:00:00+00.00"
"NPg_Substation_February2024","Northern Powergrid","NPg",148553006,"SEVENTH STREET HORDEN","54.764915, -1.3154537",5,508,NA,508,8,16,"2024-02-07 16:00:00.000","2024-03-21T12:00:00+00.00","2024-03-21T12:00:00+00.00"
"NPg_Substation_February2024","Northern Powergrid","NPg",148553006,"SEVENTH STREET HORDEN","54.764915, -1.3154537",5,484,NA,484,8,15,"2024-02-07 16:30:00.000","2024-03-21T12:00:00+00.00","2024-03-21T12:00:00+00.00"
"NPg_Substation_February2024","Northern Powergrid","NPg",148553006,"SEVENTH STREET HORDEN","54.764915, -1.3154537",5,613,NA,613,8,34,"2024-02-07 17:00:00.000","2024-03-21T12:00:00+00.00","2024-03-21T12:00:00+00.00"
"NPg_Substation_February2024","Northern Powergrid","NPg",148553006,"SEVENTH STREET HORDEN","54.764915, -1.3154537",5,351,NA,351,8,46,"2024-02-07 17:30:00.000","2024-03-21T12:00:00+00.00","2024-03-21T12:00:00+00.00"
"NPg_Substation_February2024","Northern Powergrid","NPg",148553006,"SEVENTH STREET HORDEN","54.764915, -1.3154537",5,443,NA,443,8,240,"2024-02-07 18:00:00.000","2024-03-21T12:00:00+00.00","2024-03-21T12:00:00+00.00"
"NPg_Substation_February2024","Northern Powergrid","NPg",148553006,"SEVENTH STREET HORDEN","54.764915, -1.3154537",5,287,NA,287,8,89,"2024-02-07 18:30:00.000","2024-03-21T12:00:00+00.00","2024-03-21T12:00:00+00.00"
"NPg_Substation_February2024","Northern Powergrid","NPg",148553006,"SEVENTH STREET HORDEN","54.764915, -1.3154537",5,439,NA,439,8,96,"2024-02-07 19:00:00.000","2024-03-21T12:00:00+00.00","2024-03-21T12:00:00+00.00"
"NPg_Substation_February2024","Northern Powergrid","NPg",148553006,"SEVENTH STREET HORDEN","54.764915, -1.3154537",5,1323,NA,1323,8,96,"2024-02-07 19:30:00.000","2024-03-21T12:00:00+00.00","2024-03-21T12:00:00+00.00"
"NPg_Substation_February2024","Northern Powergrid","NPg",148553006,"SEVENTH STREET HORDEN","54.764915, -1.3154537",5,2543,NA,2543,8,98,"2024-02-07 20:00:00.000","2024-03-21T12:00:00+00.00","2024-03-21T12:00:00+00.00"
"NPg_Substation_February2024","Northern Powergrid","NPg",148553006,"SEVENTH STREET HORDEN","54.764915, -1.3154537",5,406,NA,406,8,79,"2024-02-07 20:30:00.000","2024-03-21T12:00:00+00.00","2024-03-21T12:00:00+00.00"
"NPg_Substation_February2024","Northern Powergrid","NPg",148553006,"SEVENTH STREET HORDEN","54.764915, -1.3154537",5,495,NA,495,8,103,"2024-02-07 21:00:00.000","2024-03-21T12:00:00+00.00","2024-03-21T12:00:00+00.00"
"NPg_Substation_February2024","Northern Powergrid","NPg",148553006,"SEVENTH STREET HORDEN","54.764915, -1.3154537",5,965,NA,965,8,94,"2024-02-07 21:30:00.000","2024-03-21T12:00:00+00.00","2024-03-21T12:00:00+00.00"
"NPg_Substation_February2024","Northern Powergrid","NPg",148553006,"SEVENTH STREET HORDEN","54.764915, -1.3154537",5,1779,NA,1779,8,78,"2024-02-07 22:00:00.000","2024-03-21T12:00:00+00.00","2024-03-21T12:00:00+00.00"
"NPg_Substation_February2024","Northern Powergrid","NPg",148553006,"SEVENTH STREET HORDEN","54.764915, -1.3154537",5,303,NA,303,8,64,"2024-02-07 22:30:00.000","2024-03-21T12:00:00+00.00","2024-03-21T12:00:00+00.00"
"NPg_Substation_February2024","Northern Powergrid","NPg",148553006,"SEVENTH STREET HORDEN","54.764915, -1.3154537",5,706,NA,706,8,44,"2024-02-07 23:00:00.000","2024-03-21T12:00:00+00.00","2024-03-21T12:00:00+00.00"
"NPg_Substation_February2024","Northern Powergrid","NPg",148553006,"SEVENTH STREET HORDEN","54.764915, -1.3154537",5,1430,NA,1430,8,36,"2024-02-07 23:30:00.000","2024-03-21T12:00:00+00.00","2024-03-21T12:00:00+00.00"
"NPg_Substation_February2024","Northern Powergrid","NPg",148553006,"SEVENTH STREET HORDEN","54.764915, -1.3154537",5,1471,NA,1471,8,52,"2024-02-08 00:00:00.000","2024-03-21T12:00:00+00.00","2024-03-21T12:00:00+00.00"
"NPg_Substation_February2024","Northern Powergrid","NPg",148553006,"SEVENTH STREET HORDEN","54.764915, -1.3154537",5,1111,NA,1111,8,63,"2024-02-08 00:30:00.000","2024-03-21T12:00:00+00.00","2024-03-21T12:00:00+00.00"
"NPg_Substation_February2024","Northern Powergrid","NPg",148553006,"SEVENTH STREET HORDEN","54.764915, -1.3154537",5,273,NA,273,8,44,"2024-02-08 01:00:00.000","2024-03-21T12:00:00+00.00","2024-03-21T12:00:00+00.00"
"NPg_Substation_February2024","Northern Powergrid","NPg",148553006,"SEVENTH STREET HORDEN","54.764915, -1.3154537",5,319,NA,319,8,64,"2024-02-08 01:30:00.000","2024-03-21T12:00:00+00.00","2024-03-21T12:00:00+00.00"
"NPg_Substation_February2024","Northern Powergrid","NPg",148553006,"SEVENTH STREET HORDEN","54.764915, -1.3154537",5,189,NA,189,8,50,"2024-02-08 02:00:00.000","2024-03-21T12:00:00+00.00","2024-03-21T12:00:00+00.00"
"NPg_Substation_February2024","Northern Powergrid","NPg",148553006,"SEVENTH STREET HORDEN","54.764915, -1.3154537",5,293,NA,293,8,43,"2024-02-08 02:30:00.000","2024-03-21T12:00:00+00.00","2024-03-21T12:00:00+00.00"
"NPg_Substation_February2024","Northern Powergrid","NPg",148553006,"SEVENTH STREET HORDEN","54.764915, -1.3154537",5,124,NA,124,8,29,"2024-02-08 03:00:00.000","2024-03-21T12:00:00+00.00","2024-03-21T12:00:00+00.00"
"NPg_Substation_February2024","Northern Powergrid","NPg",148553006,"SEVENTH STREET HORDEN","54.764915, -1.3154537",5,276,NA,276,8,43,"2024-02-08 03:30:00.000","2024-03-21T12:00:00+00.00","2024-03-21T12:00:00+00.00"
"NPg_Substation_February2024","Northern Powergrid","NPg",148553006,"SEVENTH STREET HORDEN","54.764915, -1.3154537",5,149,NA,149,8,71,"2024-02-08 04:00:00.000","2024-03-21T12:00:00+00.00","2024-03-21T12:00:00+00.00"
"NPg_Substation_February2024","Northern Powergrid","NPg",148553006,"SEVENTH STREET HORDEN","54.764915, -1.3154537",5,361,NA,361,8,52,"2024-02-08 04:30:00.000","2024-03-21T12:00:00+00.00","2024-03-21T12:00:00+00.00"
"NPg_Substation_February2024","Northern Powergrid","NPg",148553006,"SEVENTH STREET HORDEN","54.764915, -1.3154537",5,165,NA,165,8,47,"2024-02-08 05:00:00.000","2024-03-21T12:00:00+00.00","2024-03-21T12:00:00+00.00"
"NPg_Substation_February2024","Northern Powergrid","NPg",148553006,"SEVENTH STREET HORDEN","54.764915, -1.3154537",5,240,NA,240,8,33,"2024-02-08 05:30:00.000","2024-03-21T12:00:00+00.00","2024-03-21T12:00:00+00.00"
"NPg_Substation_February2024","Northern Powergrid","NPg",148553006,"SEVENTH STREET HORDEN","54.764915, -1.3154537",5,183,NA,183,8,69,"2024-02-08 06:00:00.000","2024-03-21T12:00:00+00.00","2024-03-21T12:00:00+00.00"
"NPg_Substation_February2024","Northern Powergrid","NPg",148553006,"SEVENTH STREET HORDEN","54.764915, -1.3154537",5,276,NA,276,8,44,"2024-02-08 06:30:00.000","2024-03-21T12:00:00+00.00","2024-03-21T12:00:00+00.00"
"NPg_Substation_February2024","Northern Powergrid","NPg",148553006,"SEVENTH STREET HORDEN","54.764915, -1.3154537",5,235,NA,235,8,53,"2024-02-08 07:00:00.000","2024-03-21T12:00:00+00.00","2024-03-21T12:00:00+00.00"
"NPg_Substation_February2024","Northern Powergrid","NPg",148553006,"SEVENTH STREET HORDEN","54.764915, -1.3154537",5,531,NA,531,8,40,"2024-02-08 07:30:00.000","2024-03-21T12:00:00+00.00","2024-03-21T12:00:00+00.00"
"NPg_Substation_February2024","Northern Powergrid","NPg",148553006,"SEVENTH STREET HORDEN","54.764915, -1.3154537",5,727,NA,727,8,129,"2024-02-08 08:00:00.000","2024-03-21T12:00:00+00.00","2024-03-21T12:00:00+00.00"
"NPg_Substation_February2024","Northern Powergrid","NPg",148553006,"SEVENTH STREET HORDEN","54.764915, -1.3154537",5,316,NA,316,8,114,"2024-02-08 08:30:00.000","2024-03-21T12:00:00+00.00","2024-03-21T12:00:00+00.00"
"NPg_Substation_February2024","Northern Powergrid","NPg",148553006,"SEVENTH STREET HORDEN","54.764915, -1.3154537",5,307,NA,307,8,38,"2024-02-08 09:00:00.000","2024-03-21T12:00:00+00.00","2024-03-21T12:00:00+00.00"
"NPg_Substation_February2024","Northern Powergrid","NPg",148553006,"SEVENTH STREET HORDEN","54.764915, -1.3154537",5,432,NA,432,8,23,"2024-02-08 09:30:00.000","2024-03-21T12:00:00+00.00","2024-03-21T12:00:00+00.00"
"NPg_Substation_February2024","Northern Powergrid","NPg",148553006,"SEVENTH STREET HORDEN","54.764915, -1.3154537",5,301,NA,301,8,36,"2024-02-08 10:00:00.000","2024-03-21T12:00:00+00.00","2024-03-21T12:00:00+00.00"
"NPg_Substation_February2024","Northern Powergrid","NPg",148553006,"SEVENTH STREET HORDEN","54.764915, -1.3154537",5,195,NA,195,8,34,"2024-02-08 10:30:00.000","2024-03-21T12:00:00+00.00","2024-03-21T12:00:00+00.00"
"NPg_Substation_February2024","Northern Powergrid","NPg",148553006,"SEVENTH STREET HORDEN","54.764915, -1.3154537",5,388,NA,388,8,11,"2024-02-08 11:00:00.000","2024-03-21T12:00:00+00.00","2024-03-21T12:00:00+00.00"
"NPg_Substation_February2024","Northern Powergrid","NPg",148553006,"SEVENTH STREET HORDEN","54.764915, -1.3154537",5,438,NA,438,8,10,"2024-02-08 11:30:00.000","2024-03-21T12:00:00+00.00","2024-03-21T12:00:00+00.00"
"NPg_Substation_February2024","Northern Powergrid","NPg",148553006,"SEVENTH STREET HORDEN","54.764915, -1.3154537",5,1421,NA,1421,8,11,"2024-02-08 12:00:00.000","2024-03-21T12:00:00+00.00","2024-03-21T12:00:00+00.00"
"NPg_Substation_February2024","Northern Powergrid","NPg",148553006,"SEVENTH STREET HORDEN","54.764915, -1.3154537",5,2778,NA,2778,8,15,"2024-02-08 12:30:00.000","2024-03-21T12:00:00+00.00","2024-03-21T12:00:00+00.00"
"NPg_Substation_February2024","Northern Powergrid","NPg",148553006,"SEVENTH STREET HORDEN","54.764915, -1.3154537",5,1437,NA,1437,8,35,"2024-02-08 13:00:00.000","2024-03-21T12:00:00+00.00","2024-03-21T12:00:00+00.00"
"NPg_Substation_February2024","Northern Powergrid","NPg",148553006,"SEVENTH STREET HORDEN","54.764915, -1.3154537",5,772,NA,772,8,24,"2024-02-08 13:30:00.000","2024-03-21T12:00:00+00.00","2024-03-21T12:00:00+00.00"
"NPg_Substation_February2024","Northern Powergrid","NPg",148553006,"SEVENTH STREET HORDEN","54.764915, -1.3154537",5,881,NA,881,8,18,"2024-02-08 14:00:00.000","2024-03-21T12:00:00+00.00","2024-03-21T12:00:00+00.00"
"NPg_Substation_February2024","Northern Powergrid","NPg",148553006,"SEVENTH STREET HORDEN","54.764915, -1.3154537",5,615,NA,615,8,24,"2024-02-08 14:30:00.000","2024-03-21T12:00:00+00.00","2024-03-21T12:00:00+00.00"
"NPg_Substation_February2024","Northern Powergrid","NPg",148553006,"SEVENTH STREET HORDEN","54.764915, -1.3154537",5,436,NA,436,8,34,"2024-02-08 15:00:00.000","2024-03-21T12:00:00+00.00","2024-03-21T12:00:00+00.00"
"NPg_Substation_February2024","Northern Powergrid","NPg",148553006,"SEVENTH STREET HORDEN","54.764915, -1.3154537",5,459,NA,459,8,41,"2024-02-08 15:30:00.000","2024-03-21T12:00:00+00.00","2024-03-21T12:00:00+00.00"
"NPg_Substation_February2024","Northern Powergrid","NPg",148553006,"SEVENTH STREET HORDEN","54.764915, -1.3154537",5,539,NA,539,8,39,"2024-02-08 16:00:00.000","2024-03-21T12:00:00+00.00","2024-03-21T12:00:00+00.00"
"NPg_Substation_February2024","Northern Powergrid","NPg",148553006,"SEVENTH STREET HORDEN","54.764915, -1.3154537",5,510,NA,510,8,48,"2024-02-08 16:30:00.000","2024-03-21T12:00:00+00.00","2024-03-21T12:00:00+00.00"
"NPg_Substation_February2024","Northern Powergrid","NPg",148553006,"SEVENTH STREET HORDEN","54.764915, -1.3154537",5,258,NA,258,8,21,"2024-02-08 17:00:00.000","2024-03-21T12:00:00+00.00","2024-03-21T12:00:00+00.00"
"NPg_Substation_February2024","Northern Powergrid","NPg",148553006,"SEVENTH STREET HORDEN","54.764915, -1.3154537",5,376,NA,376,8,50,"2024-02-08 17:30:00.000","2024-03-21T12:00:00+00.00","2024-03-21T12:00:00+00.00"
"NPg_Substation_February2024","Northern Powergrid","NPg",148553006,"SEVENTH STREET HORDEN","54.764915, -1.3154537",5,559,NA,559,8,220,"2024-02-08 18:00:00.000","2024-03-21T12:00:00+00.00","2024-03-21T12:00:00+00.00"
"NPg_Substation_February2024","Northern Powergrid","NPg",148553006,"SEVENTH STREET HORDEN","54.764915, -1.3154537",5,683,NA,683,8,50,"2024-02-08 18:30:00.000","2024-03-21T12:00:00+00.00","2024-03-21T12:00:00+00.00"
"NPg_Substation_February2024","Northern Powergrid","NPg",148553006,"SEVENTH STREET HORDEN","54.764915, -1.3154537",5,486,NA,486,8,66,"2024-02-08 19:00:00.000","2024-03-21T12:00:00+00.00","2024-03-21T12:00:00+00.00"
"NPg_Substation_February2024","Northern Powergrid","NPg",148553006,"SEVENTH STREET HORDEN","54.764915, -1.3154537",5,652,NA,652,8,95,"2024-02-08 19:30:00.000","2024-03-21T12:00:00+00.00","2024-03-21T12:00:00+00.00"
"NPg_Substation_February2024","Northern Powergrid","NPg",148553006,"SEVENTH STREET HORDEN","54.764915, -1.3154537",5,242,NA,242,8,71,"2024-02-08 20:00:00.000","2024-03-21T12:00:00+00.00","2024-03-21T12:00:00+00.00"
"NPg_Substation_February2024","Northern Powergrid","NPg",148553006,"SEVENTH STREET HORDEN","54.764915, -1.3154537",5,375,NA,375,8,47,"2024-02-08 20:30:00.000","2024-03-21T12:00:00+00.00","2024-03-21T12:00:00+00.00"
"NPg_Substation_February2024","Northern Powergrid","NPg",148553006,"SEVENTH STREET HORDEN","54.764915, -1.3154537",5,290,NA,290,8,63,"2024-02-08 21:00:00.000","2024-03-21T12:00:00+00.00","2024-03-21T12:00:00+00.00"
"NPg_Substation_February2024","Northern Powergrid","NPg",148553006,"SEVENTH STREET HORDEN","54.764915, -1.3154537",5,368,NA,368,8,54,"2024-02-08 21:30:00.000","2024-03-21T12:00:00+00.00","2024-03-21T12:00:00+00.00"
"NPg_Substation_February2024","Northern Powergrid","NPg",148553006,"SEVENTH STREET HORDEN","54.764915, -1.3154537",5,1515,NA,1515,8,47,"2024-02-08 22:00:00.000","2024-03-21T12:00:00+00.00","2024-03-21T12:00:00+00.00"
"NPg_Substation_February2024","Northern Powergrid","NPg",148553006,"SEVENTH STREET HORDEN","54.764915, -1.3154537",5,383,NA,383,8,67,"2024-02-08 22:30:00.000","2024-03-21T12:00:00+00.00","2024-03-21T12:00:00+00.00"
"NPg_Substation_February2024","Northern Powergrid","NPg",148553006,"SEVENTH STREET HORDEN","54.764915, -1.3154537",5,334,NA,334,8,38,"2024-02-08 23:00:00.000","2024-03-21T12:00:00+00.00","2024-03-21T12:00:00+00.00"
"NPg_Substation_February2024","Northern Powergrid","NPg",148553006,"SEVENTH STREET HORDEN","54.764915, -1.3154537",5,297,NA,297,8,42,"2024-02-08 23:30:00.000","2024-03-21T12:00:00+00.00","2024-03-21T12:00:00+00.00"
"NPg_Substation_February2024","Northern Powergrid","NPg",148553006,"SEVENTH STREET HORDEN","54.764915, -1.3154537",5,368,NA,368,8,32,"2024-02-09 00:00:00.000","2024-03-21T12:00:00+00.00","2024-03-21T12:00:00+00.00"
"NPg_Substation_February2024","Northern Powergrid","NPg",148553006,"SEVENTH STREET HORDEN","54.764915, -1.3154537",5,409,NA,409,8,74,"2024-02-09 00:30:00.000","2024-03-21T12:00:00+00.00","2024-03-21T12:00:00+00.00"
"NPg_Substation_February2024","Northern Powergrid","NPg",148553006,"SEVENTH STREET HORDEN","54.764915, -1.3154537",5,400,NA,400,8,41,"2024-02-09 01:00:00.000","2024-03-21T12:00:00+00.00","2024-03-21T12:00:00+00.00"
"NPg_Substation_February2024","Northern Powergrid","NPg",148553006,"SEVENTH STREET HORDEN","54.764915, -1.3154537",5,239,NA,239,8,45,"2024-02-09 01:30:00.000","2024-03-21T12:00:00+00.00","2024-03-21T12:00:00+00.00"
"NPg_Substation_February2024","Northern Powergrid","NPg",148553006,"SEVENTH STREET HORDEN","54.764915, -1.3154537",5,355,NA,355,8,32,"2024-02-09 02:00:00.000","2024-03-21T12:00:00+00.00","2024-03-21T12:00:00+00.00"
"NPg_Substation_February2024","Northern Powergrid","NPg",148553006,"SEVENTH STREET HORDEN","54.764915, -1.3154537",5,260,NA,260,8,40,"2024-02-09 02:30:00.000","2024-03-21T12:00:00+00.00","2024-03-21T12:00:00+00.00"
"NPg_Substation_February2024","Northern Powergrid","NPg",148553006,"SEVENTH STREET HORDEN","54.764915, -1.3154537",5,343,NA,343,8,72,"2024-02-09 03:00:00.000","2024-03-21T12:00:00+00.00","2024-03-21T12:00:00+00.00"
"NPg_Substation_February2024","Northern Powergrid","NPg",148553006,"SEVENTH STREET HORDEN","54.764915, -1.3154537",5,178,NA,178,8,48,"2024-02-09 03:30:00.000","2024-03-21T12:00:00+00.00","2024-03-21T12:00:00+00.00"
"NPg_Substation_February2024","Northern Powergrid","NPg",148553006,"SEVENTH STREET HORDEN","54.764915, -1.3154537",5,350,NA,350,8,49,"2024-02-09 04:00:00.000","2024-03-21T12:00:00+00.00","2024-03-21T12:00:00+00.00"
"NPg_Substation_February2024","Northern Powergrid","NPg",148553006,"SEVENTH STREET HORDEN","54.764915, -1.3154537",5,253,NA,253,8,28,"2024-02-09 04:30:00.000","2024-03-21T12:00:00+00.00","2024-03-21T12:00:00+00.00"
"NPg_Substation_February2024","Northern Powergrid","NPg",148553006,"SEVENTH STREET HORDEN","54.764915, -1.3154537",5,352,NA,352,8,55,"2024-02-09 05:00:00.000","2024-03-21T12:00:00+00.00","2024-03-21T12:00:00+00.00"
"NPg_Substation_February2024","Northern Powergrid","NPg",148553006,"SEVENTH STREET HORDEN","54.764915, -1.3154537",5,328,NA,328,8,74,"2024-02-09 05:30:00.000","2024-03-21T12:00:00+00.00","2024-03-21T12:00:00+00.00"
"NPg_Substation_February2024","Northern Powergrid","NPg",148553006,"SEVENTH STREET HORDEN","54.764915, -1.3154537",5,254,NA,254,8,69,"2024-02-09 06:00:00.000","2024-03-21T12:00:00+00.00","2024-03-21T12:00:00+00.00"
"NPg_Substation_February2024","Northern Powergrid","NPg",148553006,"SEVENTH STREET HORDEN","54.764915, -1.3154537",5,264,NA,264,8,34,"2024-02-09 06:30:00.000","2024-03-21T12:00:00+00.00","2024-03-21T12:00:00+00.00"
"NPg_Substation_February2024","Northern Powergrid","NPg",148553006,"SEVENTH STREET HORDEN","54.764915, -1.3154537",5,544,NA,544,8,104,"2024-02-09 07:00:00.000","2024-03-21T12:00:00+00.00","2024-03-21T12:00:00+00.00"
"NPg_Substation_February2024","Northern Powergrid","NPg",148553006,"SEVENTH STREET HORDEN","54.764915, -1.3154537",5,544,NA,544,8,131,"2024-02-09 07:30:00.000","2024-03-21T12:00:00+00.00","2024-03-21T12:00:00+00.00"
"NPg_Substation_February2024","Northern Powergrid","NPg",148553006,"SEVENTH STREET HORDEN","54.764915, -1.3154537",5,195,NA,195,8,88,"2024-02-09 08:00:00.000","2024-03-21T12:00:00+00.00","2024-03-21T12:00:00+00.00"
"NPg_Substation_February2024","Northern Powergrid","NPg",148553006,"SEVENTH STREET HORDEN","54.764915, -1.3154537",5,300,NA,300,8,60,"2024-02-09 08:30:00.000","2024-03-21T12:00:00+00.00","2024-03-21T12:00:00+00.00"
"NPg_Substation_February2024","Northern Powergrid","NPg",148553006,"SEVENTH STREET HORDEN","54.764915, -1.3154537",5,403,NA,403,8,66,"2024-02-09 09:00:00.000","2024-03-21T12:00:00+00.00","2024-03-21T12:00:00+00.00"
"NPg_Substation_February2024","Northern Powergrid","NPg",148553006,"SEVENTH STREET HORDEN","54.764915, -1.3154537",5,655,NA,655,8,82,"2024-02-09 09:30:00.000","2024-03-21T12:00:00+00.00","2024-03-21T12:00:00+00.00"
"NPg_Substation_February2024","Northern Powergrid","NPg",148553006,"SEVENTH STREET HORDEN","54.764915, -1.3154537",5,227,NA,227,8,36,"2024-02-09 10:00:00.000","2024-03-21T12:00:00+00.00","2024-03-21T12:00:00+00.00"
"NPg_Substation_February2024","Northern Powergrid","NPg",148553006,"SEVENTH STREET HORDEN","54.764915, -1.3154537",5,261,NA,261,8,50,"2024-02-09 10:30:00.000","2024-03-21T12:00:00+00.00","2024-03-21T12:00:00+00.00"
"NPg_Substation_February2024","Northern Powergrid","NPg",148553006,"SEVENTH STREET HORDEN","54.764915, -1.3154537",5,401,NA,401,8,34,"2024-02-09 11:00:00.000","2024-03-21T12:00:00+00.00","2024-03-21T12:00:00+00.00"
"NPg_Substation_February2024","Northern Powergrid","NPg",148553006,"SEVENTH STREET HORDEN","54.764915, -1.3154537",5,438,NA,438,8,68,"2024-02-09 11:30:00.000","2024-03-21T12:00:00+00.00","2024-03-21T12:00:00+00.00"
"NPg_Substation_February2024","Northern Powergrid","NPg",148553006,"SEVENTH STREET HORDEN","54.764915, -1.3154537",5,569,NA,569,8,30,"2024-02-09 12:00:00.000","2024-03-21T12:00:00+00.00","2024-03-21T12:00:00+00.00"
"NPg_Substation_February2024","Northern Powergrid","NPg",148553006,"SEVENTH STREET HORDEN","54.764915, -1.3154537",5,456,NA,456,8,13,"2024-02-09 12:30:00.000","2024-03-21T12:00:00+00.00","2024-03-21T12:00:00+00.00"
"NPg_Substation_February2024","Northern Powergrid","NPg",148553006,"SEVENTH STREET HORDEN","54.764915, -1.3154537",5,569,NA,569,8,17,"2024-02-09 13:00:00.000","2024-03-21T12:00:00+00.00","2024-03-21T12:00:00+00.00"
"NPg_Substation_February2024","Northern Powergrid","NPg",148553006,"SEVENTH STREET HORDEN","54.764915, -1.3154537",5,416,NA,416,8,24,"2024-02-09 13:30:00.000","2024-03-21T12:00:00+00.00","2024-03-21T12:00:00+00.00"
"NPg_Substation_February2024","Northern Powergrid","NPg",148553006,"SEVENTH STREET HORDEN","54.764915, -1.3154537",5,565,NA,565,8,36,"2024-02-09 14:00:00.000","2024-03-21T12:00:00+00.00","2024-03-21T12:00:00+00.00"
"NPg_Substation_February2024","Northern Powergrid","NPg",148553006,"SEVENTH STREET HORDEN","54.764915, -1.3154537",5,493,NA,493,8,24,"2024-02-09 14:30:00.000","2024-03-21T12:00:00+00.00","2024-03-21T12:00:00+00.00"
"NPg_Substation_February2024","Northern Powergrid","NPg",148553006,"SEVENTH STREET HORDEN","54.764915, -1.3154537",5,517,NA,517,8,24,"2024-02-09 15:00:00.000","2024-03-21T12:00:00+00.00","2024-03-21T12:00:00+00.00"
"NPg_Substation_February2024","Northern Powergrid","NPg",148553006,"SEVENTH STREET HORDEN","54.764915, -1.3154537",5,737,NA,737,8,61,"2024-02-09 15:30:00.000","2024-03-21T12:00:00+00.00","2024-03-21T12:00:00+00.00"
"NPg_Substation_February2024","Northern Powergrid","NPg",148553006,"SEVENTH STREET HORDEN","54.764915, -1.3154537",5,1260,NA,1260,8,25,"2024-02-09 16:00:00.000","2024-03-21T12:00:00+00.00","2024-03-21T12:00:00+00.00"
"NPg_Substation_February2024","Northern Powergrid","NPg",148553006,"SEVENTH STREET HORDEN","54.764915, -1.3154537",5,907,NA,907,8,43,"2024-02-09 16:30:00.000","2024-03-21T12:00:00+00.00","2024-03-21T12:00:00+00.00"
"NPg_Substation_February2024","Northern Powergrid","NPg",148553006,"SEVENTH STREET HORDEN","54.764915, -1.3154537",5,561,NA,561,8,63,"2024-02-09 17:00:00.000","2024-03-21T12:00:00+00.00","2024-03-21T12:00:00+00.00"
"NPg_Substation_February2024","Northern Powergrid","NPg",148553006,"SEVENTH STREET HORDEN","54.764915, -1.3154537",5,326,NA,326,8,46,"2024-02-09 17:30:00.000","2024-03-21T12:00:00+00.00","2024-03-21T12:00:00+00.00"
"NPg_Substation_February2024","Northern Powergrid","NPg",148553006,"SEVENTH STREET HORDEN","54.764915, -1.3154537",5,364,NA,364,8,77,"2024-02-09 18:00:00.000","2024-03-21T12:00:00+00.00","2024-03-21T12:00:00+00.00"
"NPg_Substation_February2024","Northern Powergrid","NPg",148553006,"SEVENTH STREET HORDEN","54.764915, -1.3154537",5,2217,NA,2217,8,64,"2024-02-09 18:30:00.000","2024-03-21T12:00:00+00.00","2024-03-21T12:00:00+00.00"
"NPg_Substation_February2024","Northern Powergrid","NPg",148553006,"SEVENTH STREET HORDEN","54.764915, -1.3154537",5,1946,NA,1946,8,93,"2024-02-09 19:00:00.000","2024-03-21T12:00:00+00.00","2024-03-21T12:00:00+00.00"
"NPg_Substation_February2024","Northern Powergrid","NPg",148553006,"SEVENTH STREET HORDEN","54.764915, -1.3154537",5,1116,NA,1116,8,109,"2024-02-09 19:30:00.000","2024-03-21T12:00:00+00.00","2024-03-21T12:00:00+00.00"
"NPg_Substation_February2024","Northern Powergrid","NPg",148553006,"SEVENTH STREET HORDEN","54.764915, -1.3154537",5,513,NA,513,8,69,"2024-02-09 20:00:00.000","2024-03-21T12:00:00+00.00","2024-03-21T12:00:00+00.00"
"NPg_Substation_February2024","Northern Powergrid","NPg",148553006,"SEVENTH STREET HORDEN","54.764915, -1.3154537",5,595,NA,595,8,95,"2024-02-09 20:30:00.000","2024-03-21T12:00:00+00.00","2024-03-21T12:00:00+00.00"
"NPg_Substation_February2024","Northern Powergrid","NPg",148553006,"SEVENTH STREET HORDEN","54.764915, -1.3154537",5,499,NA,499,8,67,"2024-02-09 21:00:00.000","2024-03-21T12:00:00+00.00","2024-03-21T12:00:00+00.00"
"NPg_Substation_February2024","Northern Powergrid","NPg",148553006,"SEVENTH STREET HORDEN","54.764915, -1.3154537",5,1375,NA,1375,8,35,"2024-02-09 21:30:00.000","2024-03-21T12:00:00+00.00","2024-03-21T12:00:00+00.00"
"NPg_Substation_February2024","Northern Powergrid","NPg",148553006,"SEVENTH STREET HORDEN","54.764915, -1.3154537",5,1202,NA,1202,8,83,"2024-02-09 22:00:00.000","2024-03-21T12:00:00+00.00","2024-03-21T12:00:00+00.00"
"NPg_Substation_February2024","Northern Powergrid","NPg",148553006,"SEVENTH STREET HORDEN","54.764915, -1.3154537",5,1329,NA,1329,8,308,"2024-02-09 22:30:00.000","2024-03-21T12:00:00+00.00","2024-03-21T12:00:00+00.00"
"NPg_Substation_February2024","Northern Powergrid","NPg",148553006,"SEVENTH STREET HORDEN","54.764915, -1.3154537",5,1172,NA,1172,8,56,"2024-02-09 23:00:00.000","2024-03-21T12:00:00+00.00","2024-03-21T12:00:00+00.00"
"NPg_Substation_February2024","Northern Powergrid","NPg",148553006,"SEVENTH STREET HORDEN","54.764915, -1.3154537",5,967,NA,967,8,55,"2024-02-09 23:30:00.000","2024-03-21T12:00:00+00.00","2024-03-21T12:00:00+00.00"
"NPg_Substation_February2024","Northern Powergrid","NPg",148553006,"SEVENTH STREET HORDEN","54.764915, -1.3154537",5,199,NA,199,8,42,"2024-02-10 00:00:00.000","2024-03-21T12:00:00+00.00","2024-03-21T12:00:00+00.00"
"NPg_Substation_February2024","Northern Powergrid","NPg",148553006,"SEVENTH STREET HORDEN","54.764915, -1.3154537",5,483,NA,483,8,49,"2024-02-10 00:30:00.000","2024-03-21T12:00:00+00.00","2024-03-21T12:00:00+00.00"
"NPg_Substation_February2024","Northern Powergrid","NPg",148553006,"SEVENTH STREET HORDEN","54.764915, -1.3154537",5,1627,NA,1627,8,25,"2024-02-10 01:00:00.000","2024-03-21T12:00:00+00.00","2024-03-21T12:00:00+00.00"
"NPg_Substation_February2024","Northern Powergrid","NPg",148553006,"SEVENTH STREET HORDEN","54.764915, -1.3154537",5,719,NA,719,8,55,"2024-02-10 01:30:00.000","2024-03-21T12:00:00+00.00","2024-03-21T12:00:00+00.00"
"NPg_Substation_February2024","Northern Powergrid","NPg",148553006,"SEVENTH STREET HORDEN","54.764915, -1.3154537",5,157,NA,157,8,68,"2024-02-10 02:00:00.000","2024-03-21T12:00:00+00.00","2024-03-21T12:00:00+00.00"
"NPg_Substation_February2024","Northern Powergrid","NPg",148553006,"SEVENTH STREET HORDEN","54.764915, -1.3154537",5,209,NA,209,8,67,"2024-02-10 02:30:00.000","2024-03-21T12:00:00+00.00","2024-03-21T12:00:00+00.00"
"NPg_Substation_February2024","Northern Powergrid","NPg",148553006,"SEVENTH STREET HORDEN","54.764915, -1.3154537",5,176,NA,176,8,42,"2024-02-10 03:00:00.000","2024-03-21T12:00:00+00.00","2024-03-21T12:00:00+00.00"
"NPg_Substation_February2024","Northern Powergrid","NPg",148553006,"SEVENTH STREET HORDEN","54.764915, -1.3154537",5,185,NA,185,8,29,"2024-02-10 03:30:00.000","2024-03-21T12:00:00+00.00","2024-03-21T12:00:00+00.00"
"NPg_Substation_February2024","Northern Powergrid","NPg",148553006,"SEVENTH STREET HORDEN","54.764915, -1.3154537",5,263,NA,263,8,78,"2024-02-10 04:00:00.000","2024-03-21T12:00:00+00.00","2024-03-21T12:00:00+00.00"
"NPg_Substation_February2024","Northern Powergrid","NPg",148553006,"SEVENTH STREET HORDEN","54.764915, -1.3154537",5,141,NA,141,8,50,"2024-02-10 04:30:00.000","2024-03-21T12:00:00+00.00","2024-03-21T12:00:00+00.00"
"NPg_Substation_February2024","Northern Powergrid","NPg",148553006,"SEVENTH STREET HORDEN","54.764915, -1.3154537",5,236,NA,236,8,30,"2024-02-10 05:00:00.000","2024-03-21T12:00:00+00.00","2024-03-21T12:00:00+00.00"
"NPg_Substation_February2024","Northern Powergrid","NPg",148553006,"SEVENTH STREET HORDEN","54.764915, -1.3154537",5,111,NA,111,8,55,"2024-02-10 05:30:00.000","2024-03-21T12:00:00+00.00","2024-03-21T12:00:00+00.00"
"NPg_Substation_February2024","Northern Powergrid","NPg",148553006,"SEVENTH STREET HORDEN","54.764915, -1.3154537",5,255,NA,255,8,71,"2024-02-10 06:00:00.000","2024-03-21T12:00:00+00.00","2024-03-21T12:00:00+00.00"
"NPg_Substation_February2024","Northern Powergrid","NPg",148553006,"SEVENTH STREET HORDEN","54.764915, -1.3154537",5,549,NA,549,8,103,"2024-02-10 06:30:00.000","2024-03-21T12:00:00+00.00","2024-03-21T12:00:00+00.00"
"NPg_Substation_February2024","Northern Powergrid","NPg",148553006,"SEVENTH STREET HORDEN","54.764915, -1.3154537",5,308,NA,308,8,47,"2024-02-10 07:00:00.000","2024-03-21T12:00:00+00.00","2024-03-21T12:00:00+00.00"
"NPg_Substation_February2024","Northern Powergrid","NPg",148553006,"SEVENTH STREET HORDEN","54.764915, -1.3154537",5,179,NA,179,8,44,"2024-02-10 07:30:00.000","2024-03-21T12:00:00+00.00","2024-03-21T12:00:00+00.00"
"NPg_Substation_February2024","Northern Powergrid","NPg",148553006,"SEVENTH STREET HORDEN","54.764915, -1.3154537",5,245,NA,245,8,96,"2024-02-10 08:00:00.000","2024-03-21T12:00:00+00.00","2024-03-21T12:00:00+00.00"
"NPg_Substation_February2024","Northern Powergrid","NPg",148553006,"SEVENTH STREET HORDEN","54.764915, -1.3154537",5,355,NA,355,8,53,"2024-02-10 08:30:00.000","2024-03-21T12:00:00+00.00","2024-03-21T12:00:00+00.00"
"NPg_Substation_February2024","Northern Powergrid","NPg",148553006,"SEVENTH STREET HORDEN","54.764915, -1.3154537",5,887,NA,887,8,32,"2024-02-10 09:00:00.000","2024-03-21T12:00:00+00.00","2024-03-21T12:00:00+00.00"
"NPg_Substation_February2024","Northern Powergrid","NPg",148553006,"SEVENTH STREET HORDEN","54.764915, -1.3154537",5,1260,NA,1260,8,22,"2024-02-10 09:30:00.000","2024-03-21T12:00:00+00.00","2024-03-21T12:00:00+00.00"
"NPg_Substation_February2024","Northern Powergrid","NPg",148553006,"SEVENTH STREET HORDEN","54.764915, -1.3154537",5,1282,NA,1282,8,19,"2024-02-10 10:00:00.000","2024-03-21T12:00:00+00.00","2024-03-21T12:00:00+00.00"
"NPg_Substation_February2024","Northern Powergrid","NPg",148553006,"SEVENTH STREET HORDEN","54.764915, -1.3154537",5,673,NA,673,8,26,"2024-02-10 10:30:00.000","2024-03-21T12:00:00+00.00","2024-03-21T12:00:00+00.00"
"NPg_Substation_February2024","Northern Powergrid","NPg",148553006,"SEVENTH STREET HORDEN","54.764915, -1.3154537",5,222,NA,222,8,52,"2024-02-10 11:00:00.000","2024-03-21T12:00:00+00.00","2024-03-21T12:00:00+00.00"
"NPg_Substation_February2024","Northern Powergrid","NPg",148553006,"SEVENTH STREET HORDEN","54.764915, -1.3154537",5,267,NA,267,8,70,"2024-02-10 11:30:00.000","2024-03-21T12:00:00+00.00","2024-03-21T12:00:00+00.00"
"NPg_Substation_February2024","Northern Powergrid","NPg",148553006,"SEVENTH STREET HORDEN","54.764915, -1.3154537",5,223,NA,223,8,80,"2024-02-10 12:00:00.000","2024-03-21T12:00:00+00.00","2024-03-21T12:00:00+00.00"
"NPg_Substation_February2024","Northern Powergrid","NPg",148553006,"SEVENTH STREET HORDEN","54.764915, -1.3154537",5,281,NA,281,8,72,"2024-02-10 12:30:00.000","2024-03-21T12:00:00+00.00","2024-03-21T12:00:00+00.00"
"NPg_Substation_February2024","Northern Powergrid","NPg",148553006,"SEVENTH STREET HORDEN","54.764915, -1.3154537",5,216,NA,216,8,96,"2024-02-10 13:00:00.000","2024-03-21T12:00:00+00.00","2024-03-21T12:00:00+00.00"
"NPg_Substation_February2024","Northern Powergrid","NPg",148553006,"SEVENTH STREET HORDEN","54.764915, -1.3154537",5,1448,NA,1448,8,29,"2024-02-10 13:30:00.000","2024-03-21T12:00:00+00.00","2024-03-21T12:00:00+00.00"
"NPg_Substation_February2024","Northern Powergrid","NPg",148553006,"SEVENTH STREET HORDEN","54.764915, -1.3154537",5,912,NA,912,8,16,"2024-02-10 14:00:00.000","2024-03-21T12:00:00+00.00","2024-03-21T12:00:00+00.00"
"NPg_Substation_February2024","Northern Powergrid","NPg",148553006,"SEVENTH STREET HORDEN","54.764915, -1.3154537",5,271,NA,271,8,24,"2024-02-10 14:30:00.000","2024-03-21T12:00:00+00.00","2024-03-21T12:00:00+00.00"
"NPg_Substation_February2024","Northern Powergrid","NPg",148553006,"SEVENTH STREET HORDEN","54.764915, -1.3154537",5,201,NA,201,8,91,"2024-02-10 15:00:00.000","2024-03-21T12:00:00+00.00","2024-03-21T12:00:00+00.00"
"NPg_Substation_February2024","Northern Powergrid","NPg",148553006,"SEVENTH STREET HORDEN","54.764915, -1.3154537",5,646,NA,646,8,81,"2024-02-10 15:30:00.000","2024-03-21T12:00:00+00.00","2024-03-21T12:00:00+00.00"
"NPg_Substation_February2024","Northern Powergrid","NPg",148553006,"SEVENTH STREET HORDEN","54.764915, -1.3154537",5,161,NA,161,8,92,"2024-02-10 16:00:00.000","2024-03-21T12:00:00+00.00","2024-03-21T12:00:00+00.00"
"NPg_Substation_February2024","Northern Powergrid","NPg",148553006,"SEVENTH STREET HORDEN","54.764915, -1.3154537",5,361,NA,361,8,152,"2024-02-10 16:30:00.000","2024-03-21T12:00:00+00.00","2024-03-21T12:00:00+00.00"
"NPg_Substation_February2024","Northern Powergrid","NPg",148553006,"SEVENTH STREET HORDEN","54.764915, -1.3154537",5,259,NA,259,8,143,"2024-02-10 17:00:00.000","2024-03-21T12:00:00+00.00","2024-03-21T12:00:00+00.00"
"NPg_Substation_February2024","Northern Powergrid","NPg",148553006,"SEVENTH STREET HORDEN","54.764915, -1.3154537",5,493,NA,493,8,97,"2024-02-10 17:30:00.000","2024-03-21T12:00:00+00.00","2024-03-21T12:00:00+00.00"
"NPg_Substation_February2024","Northern Powergrid","NPg",148553006,"SEVENTH STREET HORDEN","54.764915, -1.3154537",5,370,NA,370,8,104,"2024-02-10 18:00:00.000","2024-03-21T12:00:00+00.00","2024-03-21T12:00:00+00.00"
"NPg_Substation_February2024","Northern Powergrid","NPg",148553006,"SEVENTH STREET HORDEN","54.764915, -1.3154537",5,719,NA,719,8,106,"2024-02-10 18:30:00.000","2024-03-21T12:00:00+00.00","2024-03-21T12:00:00+00.00"
"NPg_Substation_February2024","Northern Powergrid","NPg",148553006,"SEVENTH STREET HORDEN","54.764915, -1.3154537",5,711,NA,711,8,114,"2024-02-10 19:00:00.000","2024-03-21T12:00:00+00.00","2024-03-21T12:00:00+00.00"
"NPg_Substation_February2024","Northern Powergrid","NPg",148553006,"SEVENTH STREET HORDEN","54.764915, -1.3154537",5,1060,NA,1060,8,167,"2024-02-10 19:30:00.000","2024-03-21T12:00:00+00.00","2024-03-21T12:00:00+00.00"
"NPg_Substation_February2024","Northern Powergrid","NPg",148553006,"SEVENTH STREET HORDEN","54.764915, -1.3154537",5,2099,NA,2099,8,174,"2024-02-10 20:00:00.000","2024-03-21T12:00:00+00.00","2024-03-21T12:00:00+00.00"
"NPg_Substation_February2024","Northern Powergrid","NPg",148553006,"SEVENTH STREET HORDEN","54.764915, -1.3154537",5,1846,NA,1846,8,75,"2024-02-10 20:30:00.000","2024-03-21T12:00:00+00.00","2024-03-21T12:00:00+00.00"
"NPg_Substation_February2024","Northern Powergrid","NPg",148553006,"SEVENTH STREET HORDEN","54.764915, -1.3154537",5,1299,NA,1299,8,62,"2024-02-10 21:00:00.000","2024-03-21T12:00:00+00.00","2024-03-21T12:00:00+00.00"
"NPg_Substation_February2024","Northern Powergrid","NPg",148553006,"SEVENTH STREET HORDEN","54.764915, -1.3154537",5,1304,NA,1304,8,91,"2024-02-10 21:30:00.000","2024-03-21T12:00:00+00.00","2024-03-21T12:00:00+00.00"
"NPg_Substation_February2024","Northern Powergrid","NPg",148553006,"SEVENTH STREET HORDEN","54.764915, -1.3154537",5,1254,NA,1254,8,60,"2024-02-10 22:00:00.000","2024-03-21T12:00:00+00.00","2024-03-21T12:00:00+00.00"
"NPg_Substation_February2024","Northern Powergrid","NPg",148553006,"SEVENTH STREET HORDEN","54.764915, -1.3154537",5,1179,NA,1179,8,63,"2024-02-10 22:30:00.000","2024-03-21T12:00:00+00.00","2024-03-21T12:00:00+00.00"
"NPg_Substation_February2024","Northern Powergrid","NPg",148553006,"SEVENTH STREET HORDEN","54.764915, -1.3154537",5,1292,NA,1292,8,136,"2024-02-10 23:00:00.000","2024-03-21T12:00:00+00.00","2024-03-21T12:00:00+00.00"
"NPg_Substation_February2024","Northern Powergrid","NPg",148553006,"SEVENTH STREET HORDEN","54.764915, -1.3154537",5,1260,NA,1260,8,105,"2024-02-10 23:30:00.000","2024-03-21T12:00:00+00.00","2024-03-21T12:00:00+00.00"
"NPg_Substation_February2024","Northern Powergrid","NPg",148553006,"SEVENTH STREET HORDEN","54.764915, -1.3154537",5,664,NA,664,8,99,"2024-02-11 00:00:00.000","2024-03-21T12:00:00+00.00","2024-03-21T12:00:00+00.00"
"NPg_Substation_February2024","Northern Powergrid","NPg",148553006,"SEVENTH STREET HORDEN","54.764915, -1.3154537",5,152,NA,152,8,58,"2024-02-11 00:30:00.000","2024-03-21T12:00:00+00.00","2024-03-21T12:00:00+00.00"
"NPg_Substation_February2024","Northern Powergrid","NPg",148553006,"SEVENTH STREET HORDEN","54.764915, -1.3154537",5,297,NA,297,8,50,"2024-02-11 01:00:00.000","2024-03-21T12:00:00+00.00","2024-03-21T12:00:00+00.00"
"NPg_Substation_February2024","Northern Powergrid","NPg",148553006,"SEVENTH STREET HORDEN","54.764915, -1.3154537",5,138,NA,138,8,38,"2024-02-11 01:30:00.000","2024-03-21T12:00:00+00.00","2024-03-21T12:00:00+00.00"
"NPg_Substation_February2024","Northern Powergrid","NPg",148553006,"SEVENTH STREET HORDEN","54.764915, -1.3154537",5,276,NA,276,8,36,"2024-02-11 02:00:00.000","2024-03-21T12:00:00+00.00","2024-03-21T12:00:00+00.00"
"NPg_Substation_February2024","Northern Powergrid","NPg",148553006,"SEVENTH STREET HORDEN","54.764915, -1.3154537",5,98,NA,98,8,41,"2024-02-11 02:30:00.000","2024-03-21T12:00:00+00.00","2024-03-21T12:00:00+00.00"
"NPg_Substation_February2024","Northern Powergrid","NPg",148553006,"SEVENTH STREET HORDEN","54.764915, -1.3154537",5,231,NA,231,8,67,"2024-02-11 03:00:00.000","2024-03-21T12:00:00+00.00","2024-03-21T12:00:00+00.00"
"NPg_Substation_February2024","Northern Powergrid","NPg",148553006,"SEVENTH STREET HORDEN","54.764915, -1.3154537",5,154,NA,154,8,108,"2024-02-11 03:30:00.000","2024-03-21T12:00:00+00.00","2024-03-21T12:00:00+00.00"
"NPg_Substation_February2024","Northern Powergrid","NPg",148553006,"SEVENTH STREET HORDEN","54.764915, -1.3154537",5,295,NA,295,8,98,"2024-02-11 04:00:00.000","2024-03-21T12:00:00+00.00","2024-03-21T12:00:00+00.00"
"NPg_Substation_February2024","Northern Powergrid","NPg",148553006,"SEVENTH STREET HORDEN","54.764915, -1.3154537",5,242,NA,242,8,110,"2024-02-11 04:30:00.000","2024-03-21T12:00:00+00.00","2024-03-21T12:00:00+00.00"
"NPg_Substation_February2024","Northern Powergrid","NPg",148553006,"SEVENTH STREET HORDEN","54.764915, -1.3154537",5,246,NA,246,8,95,"2024-02-11 05:00:00.000","2024-03-21T12:00:00+00.00","2024-03-21T12:00:00+00.00"
"NPg_Substation_February2024","Northern Powergrid","NPg",148553006,"SEVENTH STREET HORDEN","54.764915, -1.3154537",5,166,NA,166,8,55,"2024-02-11 05:30:00.000","2024-03-21T12:00:00+00.00","2024-03-21T12:00:00+00.00"
"NPg_Substation_February2024","Northern Powergrid","NPg",148553006,"SEVENTH STREET HORDEN","54.764915, -1.3154537",5,166,NA,166,8,35,"2024-02-11 06:00:00.000","2024-03-21T12:00:00+00.00","2024-03-21T12:00:00+00.00"
"NPg_Substation_February2024","Northern Powergrid","NPg",148553006,"SEVENTH STREET HORDEN","54.764915, -1.3154537",5,409,NA,409,8,118,"2024-02-11 06:30:00.000","2024-03-21T12:00:00+00.00","2024-03-21T12:00:00+00.00"
"NPg_Substation_February2024","Northern Powergrid","NPg",148553006,"SEVENTH STREET HORDEN","54.764915, -1.3154537",5,209,NA,209,8,112,"2024-02-11 07:00:00.000","2024-03-21T12:00:00+00.00","2024-03-21T12:00:00+00.00"
"NPg_Substation_February2024","Northern Powergrid","NPg",148553006,"SEVENTH STREET HORDEN","54.764915, -1.3154537",5,435,NA,435,8,106,"2024-02-11 07:30:00.000","2024-03-21T12:00:00+00.00","2024-03-21T12:00:00+00.00"
"NPg_Substation_February2024","Northern Powergrid","NPg",148553006,"SEVENTH STREET HORDEN","54.764915, -1.3154537",5,148,NA,148,8,43,"2024-02-11 08:00:00.000","2024-03-21T12:00:00+00.00","2024-03-21T12:00:00+00.00"
"NPg_Substation_February2024","Northern Powergrid","NPg",148553006,"SEVENTH STREET HORDEN","54.764915, -1.3154537",5,450,NA,450,8,71,"2024-02-11 08:30:00.000","2024-03-21T12:00:00+00.00","2024-03-21T12:00:00+00.00"
"NPg_Substation_February2024","Northern Powergrid","NPg",148553006,"SEVENTH STREET HORDEN","54.764915, -1.3154537",5,1041,NA,1041,8,115,"2024-02-11 09:00:00.000","2024-03-21T12:00:00+00.00","2024-03-21T12:00:00+00.00"
"NPg_Substation_February2024","Northern Powergrid","NPg",148553006,"SEVENTH STREET HORDEN","54.764915, -1.3154537",5,1247,NA,1247,8,130,"2024-02-11 09:30:00.000","2024-03-21T12:00:00+00.00","2024-03-21T12:00:00+00.00"
"NPg_Substation_February2024","Northern Powergrid","NPg",148553006,"SEVENTH STREET HORDEN","54.764915, -1.3154537",5,1158,NA,1158,8,46,"2024-02-11 10:00:00.000","2024-03-21T12:00:00+00.00","2024-03-21T12:00:00+00.00"
"NPg_Substation_February2024","Northern Powergrid","NPg",148553006,"SEVENTH STREET HORDEN","54.764915, -1.3154537",5,1313,NA,1313,8,56,"2024-02-11 10:30:00.000","2024-03-21T12:00:00+00.00","2024-03-21T12:00:00+00.00"
"NPg_Substation_February2024","Northern Powergrid","NPg",148553006,"SEVENTH STREET HORDEN","54.764915, -1.3154537",5,1140,NA,1140,8,16,"2024-02-11 11:00:00.000","2024-03-21T12:00:00+00.00","2024-03-21T12:00:00+00.00"
"NPg_Substation_February2024","Northern Powergrid","NPg",148553006,"SEVENTH STREET HORDEN","54.764915, -1.3154537",5,1216,NA,1216,8,11,"2024-02-11 11:30:00.000","2024-03-21T12:00:00+00.00","2024-03-21T12:00:00+00.00"
"NPg_Substation_February2024","Northern Powergrid","NPg",148553006,"SEVENTH STREET HORDEN","54.764915, -1.3154537",5,656,NA,656,8,23,"2024-02-11 12:00:00.000","2024-03-21T12:00:00+00.00","2024-03-21T12:00:00+00.00"
"NPg_Substation_February2024","Northern Powergrid","NPg",148553006,"SEVENTH STREET HORDEN","54.764915, -1.3154537",5,208,NA,208,8,22,"2024-02-11 12:30:00.000","2024-03-21T12:00:00+00.00","2024-03-21T12:00:00+00.00"
"NPg_Substation_February2024","Northern Powergrid","NPg",148553006,"SEVENTH STREET HORDEN","54.764915, -1.3154537",5,171,NA,171,8,19,"2024-02-11 13:00:00.000","2024-03-21T12:00:00+00.00","2024-03-21T12:00:00+00.00"
"NPg_Substation_February2024","Northern Powergrid","NPg",148553006,"SEVENTH STREET HORDEN","54.764915, -1.3154537",5,302,NA,302,8,76,"2024-02-11 13:30:00.000","2024-03-21T12:00:00+00.00","2024-03-21T12:00:00+00.00"
"NPg_Substation_February2024","Northern Powergrid","NPg",148553006,"SEVENTH STREET HORDEN","54.764915, -1.3154537",5,237,NA,237,8,92,"2024-02-11 14:00:00.000","2024-03-21T12:00:00+00.00","2024-03-21T12:00:00+00.00"
"NPg_Substation_February2024","Northern Powergrid","NPg",148553006,"SEVENTH STREET HORDEN","54.764915, -1.3154537",5,277,NA,277,8,54,"2024-02-11 14:30:00.000","2024-03-21T12:00:00+00.00","2024-03-21T12:00:00+00.00"
"NPg_Substation_February2024","Northern Powergrid","NPg",148553006,"SEVENTH STREET HORDEN","54.764915, -1.3154537",5,155,NA,155,8,14,"2024-02-11 15:00:00.000","2024-03-21T12:00:00+00.00","2024-03-21T12:00:00+00.00"
"NPg_Substation_February2024","Northern Powergrid","NPg",148553006,"SEVENTH STREET HORDEN","54.764915, -1.3154537",5,245,NA,245,8,18,"2024-02-11 15:30:00.000","2024-03-21T12:00:00+00.00","2024-03-21T12:00:00+00.00"
"NPg_Substation_February2024","Northern Powergrid","NPg",148553006,"SEVENTH STREET HORDEN","54.764915, -1.3154537",5,247,NA,247,8,22,"2024-02-11 16:00:00.000","2024-03-21T12:00:00+00.00","2024-03-21T12:00:00+00.00"
"NPg_Substation_February2024","Northern Powergrid","NPg",148553006,"SEVENTH STREET HORDEN","54.764915, -1.3154537",5,224,NA,224,8,13,"2024-02-11 16:30:00.000","2024-03-21T12:00:00+00.00","2024-03-21T12:00:00+00.00"
"NPg_Substation_February2024","Northern Powergrid","NPg",148553006,"SEVENTH STREET HORDEN","54.764915, -1.3154537",5,287,NA,287,8,24,"2024-02-11 17:00:00.000","2024-03-21T12:00:00+00.00","2024-03-21T12:00:00+00.00"
"NPg_Substation_February2024","Northern Powergrid","NPg",148553006,"SEVENTH STREET HORDEN","54.764915, -1.3154537",5,188,NA,188,8,46,"2024-02-11 17:30:00.000","2024-03-21T12:00:00+00.00","2024-03-21T12:00:00+00.00"
"NPg_Substation_February2024","Northern Powergrid","NPg",148553006,"SEVENTH STREET HORDEN","54.764915, -1.3154537",5,1085,NA,1085,8,116,"2024-02-11 18:00:00.000","2024-03-21T12:00:00+00.00","2024-03-21T12:00:00+00.00"
"NPg_Substation_February2024","Northern Powergrid","NPg",148553006,"SEVENTH STREET HORDEN","54.764915, -1.3154537",5,1205,NA,1205,8,168,"2024-02-11 18:30:00.000","2024-03-21T12:00:00+00.00","2024-03-21T12:00:00+00.00"
"NPg_Substation_February2024","Northern Powergrid","NPg",148553006,"SEVENTH STREET HORDEN","54.764915, -1.3154537",5,1536,NA,1536,8,136,"2024-02-11 19:00:00.000","2024-03-21T12:00:00+00.00","2024-03-21T12:00:00+00.00"
"NPg_Substation_February2024","Northern Powergrid","NPg",148553006,"SEVENTH STREET HORDEN","54.764915, -1.3154537",5,529,NA,529,8,130,"2024-02-11 19:30:00.000","2024-03-21T12:00:00+00.00","2024-03-21T12:00:00+00.00"
"NPg_Substation_February2024","Northern Powergrid","NPg",148553006,"SEVENTH STREET HORDEN","54.764915, -1.3154537",5,254,NA,254,8,81,"2024-02-11 20:00:00.000","2024-03-21T12:00:00+00.00","2024-03-21T12:00:00+00.00"
"NPg_Substation_February2024","Northern Powergrid","NPg",148553006,"SEVENTH STREET HORDEN","54.764915, -1.3154537",5,526,NA,526,8,40,"2024-02-11 20:30:00.000","2024-03-21T12:00:00+00.00","2024-03-21T12:00:00+00.00"
"NPg_Substation_February2024","Northern Powergrid","NPg",148553006,"SEVENTH STREET HORDEN","54.764915, -1.3154537",5,1228,NA,1228,8,57,"2024-02-11 21:00:00.000","2024-03-21T12:00:00+00.00","2024-03-21T12:00:00+00.00"
"NPg_Substation_February2024","Northern Powergrid","NPg",148553006,"SEVENTH STREET HORDEN","54.764915, -1.3154537",5,1196,NA,1196,8,82,"2024-02-11 21:30:00.000","2024-03-21T12:00:00+00.00","2024-03-21T12:00:00+00.00"
"NPg_Substation_February2024","Northern Powergrid","NPg",148553006,"SEVENTH STREET HORDEN","54.764915, -1.3154537",5,1663,NA,1663,8,58,"2024-02-11 22:00:00.000","2024-03-21T12:00:00+00.00","2024-03-21T12:00:00+00.00"
"NPg_Substation_February2024","Northern Powergrid","NPg",148553006,"SEVENTH STREET HORDEN","54.764915, -1.3154537",5,2185,NA,2185,8,83,"2024-02-11 22:30:00.000","2024-03-21T12:00:00+00.00","2024-03-21T12:00:00+00.00"
"NPg_Substation_February2024","Northern Powergrid","NPg",148553006,"SEVENTH STREET HORDEN","54.764915, -1.3154537",5,2478,NA,2478,8,135,"2024-02-11 23:00:00.000","2024-03-21T12:00:00+00.00","2024-03-21T12:00:00+00.00"
"NPg_Substation_February2024","Northern Powergrid","NPg",148553006,"SEVENTH STREET HORDEN","54.764915, -1.3154537",5,2552,NA,2552,8,136,"2024-02-11 23:30:00.000","2024-03-21T12:00:00+00.00","2024-03-21T12:00:00+00.00"
"NPg_Substation_February2024","Northern Powergrid","NPg",148553006,"SEVENTH STREET HORDEN","54.764915, -1.3154537",5,1325,NA,1325,8,81,"2024-02-12 00:00:00.000","2024-03-21T12:00:00+00.00","2024-03-21T12:00:00+00.00"
"NPg_Substation_February2024","Northern Powergrid","NPg",148553006,"SEVENTH STREET HORDEN","54.764915, -1.3154537",5,1298,NA,1298,8,71,"2024-02-12 00:30:00.000","2024-03-21T12:00:00+00.00","2024-03-21T12:00:00+00.00"
"NPg_Substation_February2024","Northern Powergrid","NPg",148553006,"SEVENTH STREET HORDEN","54.764915, -1.3154537",5,1282,NA,1282,8,62,"2024-02-12 01:00:00.000","2024-03-21T12:00:00+00.00","2024-03-21T12:00:00+00.00"
"NPg_Substation_February2024","Northern Powergrid","NPg",148553006,"SEVENTH STREET HORDEN","54.764915, -1.3154537",5,1343,NA,1343,8,79,"2024-02-12 01:30:00.000","2024-03-21T12:00:00+00.00","2024-03-21T12:00:00+00.00"
"NPg_Substation_February2024","Northern Powergrid","NPg",148553006,"SEVENTH STREET HORDEN","54.764915, -1.3154537",5,1180,NA,1180,8,39,"2024-02-12 02:00:00.000","2024-03-21T12:00:00+00.00","2024-03-21T12:00:00+00.00"
"NPg_Substation_February2024","Northern Powergrid","NPg",148553006,"SEVENTH STREET HORDEN","54.764915, -1.3154537",5,1269,NA,1269,8,39,"2024-02-12 02:30:00.000","2024-03-21T12:00:00+00.00","2024-03-21T12:00:00+00.00"
"NPg_Substation_February2024","Northern Powergrid","NPg",148553006,"SEVENTH STREET HORDEN","54.764915, -1.3154537",5,1205,NA,1205,8,114,"2024-02-12 03:00:00.000","2024-03-21T12:00:00+00.00","2024-03-21T12:00:00+00.00"
"NPg_Substation_February2024","Northern Powergrid","NPg",148553006,"SEVENTH STREET HORDEN","54.764915, -1.3154537",5,1339,NA,1339,8,141,"2024-02-12 03:30:00.000","2024-03-21T12:00:00+00.00","2024-03-21T12:00:00+00.00"
"NPg_Substation_February2024","Northern Powergrid","NPg",148553006,"SEVENTH STREET HORDEN","54.764915, -1.3154537",5,1195,NA,1195,8,95,"2024-02-12 04:00:00.000","2024-03-21T12:00:00+00.00","2024-03-21T12:00:00+00.00"
"NPg_Substation_February2024","Northern Powergrid","NPg",148553006,"SEVENTH STREET HORDEN","54.764915, -1.3154537",5,633,NA,633,8,53,"2024-02-12 04:30:00.000","2024-03-21T12:00:00+00.00","2024-03-21T12:00:00+00.00"
"NPg_Substation_February2024","Northern Powergrid","NPg",148553006,"SEVENTH STREET HORDEN","54.764915, -1.3154537",5,186,NA,186,8,57,"2024-02-12 05:00:00.000","2024-03-21T12:00:00+00.00","2024-03-21T12:00:00+00.00"
"NPg_Substation_February2024","Northern Powergrid","NPg",148553006,"SEVENTH STREET HORDEN","54.764915, -1.3154537",5,277,NA,277,8,44,"2024-02-12 05:30:00.000","2024-03-21T12:00:00+00.00","2024-03-21T12:00:00+00.00"
"NPg_Substation_February2024","Northern Powergrid","NPg",148553006,"SEVENTH STREET HORDEN","54.764915, -1.3154537",5,320,NA,320,8,43,"2024-02-12 06:00:00.000","2024-03-21T12:00:00+00.00","2024-03-21T12:00:00+00.00"
"NPg_Substation_February2024","Northern Powergrid","NPg",148553006,"SEVENTH STREET HORDEN","54.764915, -1.3154537",5,1249,NA,1249,8,107,"2024-02-12 06:30:00.000","2024-03-21T12:00:00+00.00","2024-03-21T12:00:00+00.00"
"NPg_Substation_February2024","Northern Powergrid","NPg",148553006,"SEVENTH STREET HORDEN","54.764915, -1.3154537",5,295,NA,295,8,94,"2024-02-12 07:00:00.000","2024-03-21T12:00:00+00.00","2024-03-21T12:00:00+00.00"
"NPg_Substation_February2024","Northern Powergrid","NPg",148553006,"SEVENTH STREET HORDEN","54.764915, -1.3154537",5,290,NA,290,8,66,"2024-02-12 07:30:00.000","2024-03-21T12:00:00+00.00","2024-03-21T12:00:00+00.00"
"NPg_Substation_February2024","Northern Powergrid","NPg",148553006,"SEVENTH STREET HORDEN","54.764915, -1.3154537",5,1374,NA,1374,8,113,"2024-02-12 08:00:00.000","2024-03-21T12:00:00+00.00","2024-03-21T12:00:00+00.00"
"NPg_Substation_February2024","Northern Powergrid","NPg",148553006,"SEVENTH STREET HORDEN","54.764915, -1.3154537",5,1559,NA,1559,8,83,"2024-02-12 08:30:00.000","2024-03-21T12:00:00+00.00","2024-03-21T12:00:00+00.00"
"NPg_Substation_February2024","Northern Powergrid","NPg",148553006,"SEVENTH STREET HORDEN","54.764915, -1.3154537",5,235,NA,235,8,16,"2024-02-12 09:00:00.000","2024-03-21T12:00:00+00.00","2024-03-21T12:00:00+00.00"
"NPg_Substation_February2024","Northern Powergrid","NPg",148553006,"SEVENTH STREET HORDEN","54.764915, -1.3154537",5,938,NA,938,8,31,"2024-02-12 09:30:00.000","2024-03-21T12:00:00+00.00","2024-03-21T12:00:00+00.00"
"NPg_Substation_February2024","Northern Powergrid","NPg",148553006,"SEVENTH STREET HORDEN","54.764915, -1.3154537",5,1336,NA,1336,8,188,"2024-02-12 10:00:00.000","2024-03-21T12:00:00+00.00","2024-03-21T12:00:00+00.00"
"NPg_Substation_February2024","Northern Powergrid","NPg",148553006,"SEVENTH STREET HORDEN","54.764915, -1.3154537",5,989,NA,989,8,36,"2024-02-12 10:30:00.000","2024-03-21T12:00:00+00.00","2024-03-21T12:00:00+00.00"
"NPg_Substation_February2024","Northern Powergrid","NPg",148553006,"SEVENTH STREET HORDEN","54.764915, -1.3154537",5,319,NA,319,8,16,"2024-02-12 11:00:00.000","2024-03-21T12:00:00+00.00","2024-03-21T12:00:00+00.00"
"NPg_Substation_February2024","Northern Powergrid","NPg",148553006,"SEVENTH STREET HORDEN","54.764915, -1.3154537",5,166,NA,166,8,191,"2024-02-12 11:30:00.000","2024-03-21T12:00:00+00.00","2024-03-21T12:00:00+00.00"
"NPg_Substation_February2024","Northern Powergrid","NPg",148553006,"SEVENTH STREET HORDEN","54.764915, -1.3154537",5,286,NA,286,8,53,"2024-02-12 12:00:00.000","2024-03-21T12:00:00+00.00","2024-03-21T12:00:00+00.00"
"NPg_Substation_February2024","Northern Powergrid","NPg",148553006,"SEVENTH STREET HORDEN","54.764915, -1.3154537",5,220,NA,220,8,88,"2024-02-12 12:30:00.000","2024-03-21T12:00:00+00.00","2024-03-21T12:00:00+00.00"
"NPg_Substation_February2024","Northern Powergrid","NPg",148553006,"SEVENTH STREET HORDEN","54.764915, -1.3154537",5,351,NA,351,8,79,"2024-02-12 13:00:00.000","2024-03-21T12:00:00+00.00","2024-03-21T12:00:00+00.00"
"NPg_Substation_February2024","Northern Powergrid","NPg",148553006,"SEVENTH STREET HORDEN","54.764915, -1.3154537",5,156,NA,156,8,196,"2024-02-12 13:30:00.000","2024-03-21T12:00:00+00.00","2024-03-21T12:00:00+00.00"
"NPg_Substation_February2024","Northern Powergrid","NPg",148553006,"SEVENTH STREET HORDEN","54.764915, -1.3154537",5,260,NA,260,8,46,"2024-02-12 14:00:00.000","2024-03-21T12:00:00+00.00","2024-03-21T12:00:00+00.00"
"NPg_Substation_February2024","Northern Powergrid","NPg",148553006,"SEVENTH STREET HORDEN","54.764915, -1.3154537",5,174,NA,174,8,26,"2024-02-12 14:30:00.000","2024-03-21T12:00:00+00.00","2024-03-21T12:00:00+00.00"
"NPg_Substation_February2024","Northern Powergrid","NPg",148553006,"SEVENTH STREET HORDEN","54.764915, -1.3154537",5,258,NA,258,8,30,"2024-02-12 15:00:00.000","2024-03-21T12:00:00+00.00","2024-03-21T12:00:00+00.00"
"NPg_Substation_February2024","Northern Powergrid","NPg",148553006,"SEVENTH STREET HORDEN","54.764915, -1.3154537",5,192,NA,192,8,25,"2024-02-12 15:30:00.000","2024-03-21T12:00:00+00.00","2024-03-21T12:00:00+00.00"
"NPg_Substation_February2024","Northern Powergrid","NPg",148553006,"SEVENTH STREET HORDEN","54.764915, -1.3154537",5,232,NA,232,8,27,"2024-02-12 16:00:00.000","2024-03-21T12:00:00+00.00","2024-03-21T12:00:00+00.00"
"NPg_Substation_February2024","Northern Powergrid","NPg",148553006,"SEVENTH STREET HORDEN","54.764915, -1.3154537",5,295,NA,295,8,88,"2024-02-12 16:30:00.000","2024-03-21T12:00:00+00.00","2024-03-21T12:00:00+00.00"
"NPg_Substation_February2024","Northern Powergrid","NPg",148553006,"SEVENTH STREET HORDEN","54.764915, -1.3154537",5,323,NA,323,8,129,"2024-02-12 17:00:00.000","2024-03-21T12:00:00+00.00","2024-03-21T12:00:00+00.00"
"NPg_Substation_February2024","Northern Powergrid","NPg",148553006,"SEVENTH STREET HORDEN","54.764915, -1.3154537",5,269,NA,269,8,51,"2024-02-12 17:30:00.000","2024-03-21T12:00:00+00.00","2024-03-21T12:00:00+00.00"
"NPg_Substation_February2024","Northern Powergrid","NPg",148553006,"SEVENTH STREET HORDEN","54.764915, -1.3154537",5,262,NA,262,8,37,"2024-02-12 18:00:00.000","2024-03-21T12:00:00+00.00","2024-03-21T12:00:00+00.00"
"NPg_Substation_February2024","Northern Powergrid","NPg",148553006,"SEVENTH STREET HORDEN","54.764915, -1.3154537",5,282,NA,282,8,45,"2024-02-12 18:30:00.000","2024-03-21T12:00:00+00.00","2024-03-21T12:00:00+00.00"
"NPg_Substation_February2024","Northern Powergrid","NPg",148553006,"SEVENTH STREET HORDEN","54.764915, -1.3154537",5,185,NA,185,8,72,"2024-02-12 19:00:00.000","2024-03-21T12:00:00+00.00","2024-03-21T12:00:00+00.00"
"NPg_Substation_February2024","Northern Powergrid","NPg",148553006,"SEVENTH STREET HORDEN","54.764915, -1.3154537",5,295,NA,295,8,69,"2024-02-12 19:30:00.000","2024-03-21T12:00:00+00.00","2024-03-21T12:00:00+00.00"
"NPg_Substation_February2024","Northern Powergrid","NPg",148553006,"SEVENTH STREET HORDEN","54.764915, -1.3154537",5,239,NA,239,8,37,"2024-02-12 20:00:00.000","2024-03-21T12:00:00+00.00","2024-03-21T12:00:00+00.00"
"NPg_Substation_February2024","Northern Powergrid","NPg",148553006,"SEVENTH STREET HORDEN","54.764915, -1.3154537",5,1914,NA,1914,8,68,"2024-02-12 20:30:00.000","2024-03-21T12:00:00+00.00","2024-03-21T12:00:00+00.00"
"NPg_Substation_February2024","Northern Powergrid","NPg",148553006,"SEVENTH STREET HORDEN","54.764915, -1.3154537",5,490,NA,490,8,198,"2024-02-12 21:00:00.000","2024-03-21T12:00:00+00.00","2024-03-21T12:00:00+00.00"
"NPg_Substation_February2024","Northern Powergrid","NPg",148553006,"SEVENTH STREET HORDEN","54.764915, -1.3154537",5,369,NA,369,8,142,"2024-02-12 21:30:00.000","2024-03-21T12:00:00+00.00","2024-03-21T12:00:00+00.00"
"NPg_Substation_February2024","Northern Powergrid","NPg",148553006,"SEVENTH STREET HORDEN","54.764915, -1.3154537",5,1948,NA,1948,8,52,"2024-02-12 22:00:00.000","2024-03-21T12:00:00+00.00","2024-03-21T12:00:00+00.00"
"NPg_Substation_February2024","Northern Powergrid","NPg",148553006,"SEVENTH STREET HORDEN","54.764915, -1.3154537",5,341,NA,341,8,61,"2024-02-12 22:30:00.000","2024-03-21T12:00:00+00.00","2024-03-21T12:00:00+00.00"
"NPg_Substation_February2024","Northern Powergrid","NPg",148553006,"SEVENTH STREET HORDEN","54.764915, -1.3154537",5,121,NA,121,8,34,"2024-02-12 23:00:00.000","2024-03-21T12:00:00+00.00","2024-03-21T12:00:00+00.00"
"NPg_Substation_February2024","Northern Powergrid","NPg",148553006,"SEVENTH STREET HORDEN","54.764915, -1.3154537",5,219,NA,219,8,49,"2024-02-12 23:30:00.000","2024-03-21T12:00:00+00.00","2024-03-21T12:00:00+00.00"
"NPg_Substation_February2024","Northern Powergrid","NPg",148553006,"SEVENTH STREET HORDEN","54.764915, -1.3154537",5,125,NA,125,8,47,"2024-02-13 00:00:00.000","2024-03-21T12:00:00+00.00","2024-03-21T12:00:00+00.00"
"NPg_Substation_February2024","Northern Powergrid","NPg",148553006,"SEVENTH STREET HORDEN","54.764915, -1.3154537",5,212,NA,212,8,24,"2024-02-13 00:30:00.000","2024-03-21T12:00:00+00.00","2024-03-21T12:00:00+00.00"
"NPg_Substation_February2024","Northern Powergrid","NPg",148553006,"SEVENTH STREET HORDEN","54.764915, -1.3154537",5,152,NA,152,8,74,"2024-02-13 01:00:00.000","2024-03-21T12:00:00+00.00","2024-03-21T12:00:00+00.00"
"NPg_Substation_February2024","Northern Powergrid","NPg",148553006,"SEVENTH STREET HORDEN","54.764915, -1.3154537",5,294,NA,294,8,121,"2024-02-13 01:30:00.000","2024-03-21T12:00:00+00.00","2024-03-21T12:00:00+00.00"
"NPg_Substation_February2024","Northern Powergrid","NPg",148553006,"SEVENTH STREET HORDEN","54.764915, -1.3154537",5,151,NA,151,8,113,"2024-02-13 02:00:00.000","2024-03-21T12:00:00+00.00","2024-03-21T12:00:00+00.00"
"NPg_Substation_February2024","Northern Powergrid","NPg",148553006,"SEVENTH STREET HORDEN","54.764915, -1.3154537",5,189,NA,189,8,69,"2024-02-13 02:30:00.000","2024-03-21T12:00:00+00.00","2024-03-21T12:00:00+00.00"
"NPg_Substation_February2024","Northern Powergrid","NPg",148553006,"SEVENTH STREET HORDEN","54.764915, -1.3154537",5,140,NA,140,8,36,"2024-02-13 03:00:00.000","2024-03-21T12:00:00+00.00","2024-03-21T12:00:00+00.00"
"NPg_Substation_February2024","Northern Powergrid","NPg",148553006,"SEVENTH STREET HORDEN","54.764915, -1.3154537",5,1332,NA,1332,8,48,"2024-02-13 03:30:00.000","2024-03-21T12:00:00+00.00","2024-03-21T12:00:00+00.00"
"NPg_Substation_February2024","Northern Powergrid","NPg",148553006,"SEVENTH STREET HORDEN","54.764915, -1.3154537",5,155,NA,155,8,52,"2024-02-13 04:00:00.000","2024-03-21T12:00:00+00.00","2024-03-21T12:00:00+00.00"
"NPg_Substation_February2024","Northern Powergrid","NPg",148553006,"SEVENTH STREET HORDEN","54.764915, -1.3154537",5,301,NA,301,8,40,"2024-02-13 04:30:00.000","2024-03-21T12:00:00+00.00","2024-03-21T12:00:00+00.00"
"NPg_Substation_February2024","Northern Powergrid","NPg",148553006,"SEVENTH STREET HORDEN","54.764915, -1.3154537",5,150,NA,150,8,79,"2024-02-13 05:00:00.000","2024-03-21T12:00:00+00.00","2024-03-21T12:00:00+00.00"
"NPg_Substation_February2024","Northern Powergrid","NPg",148553006,"SEVENTH STREET HORDEN","54.764915, -1.3154537",5,344,NA,344,8,124,"2024-02-13 05:30:00.000","2024-03-21T12:00:00+00.00","2024-03-21T12:00:00+00.00"
"NPg_Substation_February2024","Northern Powergrid","NPg",148553006,"SEVENTH STREET HORDEN","54.764915, -1.3154537",5,380,NA,380,8,143,"2024-02-13 06:00:00.000","2024-03-21T12:00:00+00.00","2024-03-21T12:00:00+00.00"
"NPg_Substation_February2024","Northern Powergrid","NPg",148553006,"SEVENTH STREET HORDEN","54.764915, -1.3154537",5,260,NA,260,8,67,"2024-02-13 06:30:00.000","2024-03-21T12:00:00+00.00","2024-03-21T12:00:00+00.00"
"NPg_Substation_February2024","Northern Powergrid","NPg",148553006,"SEVENTH STREET HORDEN","54.764915, -1.3154537",5,135,NA,135,8,47,"2024-02-13 07:00:00.000","2024-03-21T12:00:00+00.00","2024-03-21T12:00:00+00.00"
"NPg_Substation_February2024","Northern Powergrid","NPg",148553006,"SEVENTH STREET HORDEN","54.764915, -1.3154537",5,224,NA,224,8,49,"2024-02-13 07:30:00.000","2024-03-21T12:00:00+00.00","2024-03-21T12:00:00+00.00"
"NPg_Substation_February2024","Northern Powergrid","NPg",148553006,"SEVENTH STREET HORDEN","54.764915, -1.3154537",5,126,NA,126,8,62,"2024-02-13 08:00:00.000","2024-03-21T12:00:00+00.00","2024-03-21T12:00:00+00.00"
"NPg_Substation_February2024","Northern Powergrid","NPg",148553006,"SEVENTH STREET HORDEN","54.764915, -1.3154537",5,223,NA,223,8,47,"2024-02-13 08:30:00.000","2024-03-21T12:00:00+00.00","2024-03-21T12:00:00+00.00"
"NPg_Substation_February2024","Northern Powergrid","NPg",148553006,"SEVENTH STREET HORDEN","54.764915, -1.3154537",5,274,NA,274,8,21,"2024-02-13 09:00:00.000","2024-03-21T12:00:00+00.00","2024-03-21T12:00:00+00.00"
"NPg_Substation_February2024","Northern Powergrid","NPg",148553006,"SEVENTH STREET HORDEN","54.764915, -1.3154537",5,204,NA,204,8,35,"2024-02-13 09:30:00.000","2024-03-21T12:00:00+00.00","2024-03-21T12:00:00+00.00"
"NPg_Substation_February2024","Northern Powergrid","NPg",148553006,"SEVENTH STREET HORDEN","54.764915, -1.3154537",5,186,NA,186,8,79,"2024-02-13 10:00:00.000","2024-03-21T12:00:00+00.00","2024-03-21T12:00:00+00.00"
"NPg_Substation_February2024","Northern Powergrid","NPg",148553006,"SEVENTH STREET HORDEN","54.764915, -1.3154537",5,1049,NA,1049,8,221,"2024-02-13 10:30:00.000","2024-03-21T12:00:00+00.00","2024-03-21T12:00:00+00.00"
"NPg_Substation_February2024","Northern Powergrid","NPg",148553006,"SEVENTH STREET HORDEN","54.764915, -1.3154537",5,1147,NA,1147,8,108,"2024-02-13 11:00:00.000","2024-03-21T12:00:00+00.00","2024-03-21T12:00:00+00.00"
"NPg_Substation_February2024","Northern Powergrid","NPg",148553006,"SEVENTH STREET HORDEN","54.764915, -1.3154537",5,1204,NA,1204,8,17,"2024-02-13 11:30:00.000","2024-03-21T12:00:00+00.00","2024-03-21T12:00:00+00.00"
"NPg_Substation_February2024","Northern Powergrid","NPg",148553006,"SEVENTH STREET HORDEN","54.764915, -1.3154537",5,1173,NA,1173,8,25,"2024-02-13 12:00:00.000","2024-03-21T12:00:00+00.00","2024-03-21T12:00:00+00.00"
"NPg_Substation_February2024","Northern Powergrid","NPg",148553006,"SEVENTH STREET HORDEN","54.764915, -1.3154537",5,1199,NA,1199,8,15,"2024-02-13 12:30:00.000","2024-03-21T12:00:00+00.00","2024-03-21T12:00:00+00.00"
"NPg_Substation_February2024","Northern Powergrid","NPg",148553006,"SEVENTH STREET HORDEN","54.764915, -1.3154537",5,794,NA,794,8,17,"2024-02-13 13:00:00.000","2024-03-21T12:00:00+00.00","2024-03-21T12:00:00+00.00"
"NPg_Substation_February2024","Northern Powergrid","NPg",148553006,"SEVENTH STREET HORDEN","54.764915, -1.3154537",5,206,NA,206,8,10,"2024-02-13 13:30:00.000","2024-03-21T12:00:00+00.00","2024-03-21T12:00:00+00.00"
"NPg_Substation_February2024","Northern Powergrid","NPg",148553006,"SEVENTH STREET HORDEN","54.764915, -1.3154537",5,182,NA,182,8,70,"2024-02-13 14:00:00.000","2024-03-21T12:00:00+00.00","2024-03-21T12:00:00+00.00"
"NPg_Substation_February2024","Northern Powergrid","NPg",148553006,"SEVENTH STREET HORDEN","54.764915, -1.3154537",5,742,NA,742,8,89,"2024-02-13 14:30:00.000","2024-03-21T12:00:00+00.00","2024-03-21T12:00:00+00.00"
"NPg_Substation_February2024","Northern Powergrid","NPg",148553006,"SEVENTH STREET HORDEN","54.764915, -1.3154537",5,154,NA,154,8,42,"2024-02-13 15:00:00.000","2024-03-21T12:00:00+00.00","2024-03-21T12:00:00+00.00"
"NPg_Substation_February2024","Northern Powergrid","NPg",148553006,"SEVENTH STREET HORDEN","54.764915, -1.3154537",5,1163,NA,1163,8,11,"2024-02-13 15:30:00.000","2024-03-21T12:00:00+00.00","2024-03-21T12:00:00+00.00"
"NPg_Substation_February2024","Northern Powergrid","NPg",148553006,"SEVENTH STREET HORDEN","54.764915, -1.3154537",5,717,NA,717,8,18,"2024-02-13 16:00:00.000","2024-03-21T12:00:00+00.00","2024-03-21T12:00:00+00.00"
"NPg_Substation_February2024","Northern Powergrid","NPg",148553006,"SEVENTH STREET HORDEN","54.764915, -1.3154537",5,479,NA,479,8,13,"2024-02-13 16:30:00.000","2024-03-21T12:00:00+00.00","2024-03-21T12:00:00+00.00"
"NPg_Substation_February2024","Northern Powergrid","NPg",148553006,"SEVENTH STREET HORDEN","54.764915, -1.3154537",5,616,NA,616,8,44,"2024-02-13 17:00:00.000","2024-03-21T12:00:00+00.00","2024-03-21T12:00:00+00.00"
"NPg_Substation_February2024","Northern Powergrid","NPg",148553006,"SEVENTH STREET HORDEN","54.764915, -1.3154537",5,684,NA,684,8,68,"2024-02-13 17:30:00.000","2024-03-21T12:00:00+00.00","2024-03-21T12:00:00+00.00"
"NPg_Substation_February2024","Northern Powergrid","NPg",148553006,"SEVENTH STREET HORDEN","54.764915, -1.3154537",5,479,NA,479,8,109,"2024-02-13 18:00:00.000","2024-03-21T12:00:00+00.00","2024-03-21T12:00:00+00.00"
"NPg_Substation_February2024","Northern Powergrid","NPg",148553006,"SEVENTH STREET HORDEN","54.764915, -1.3154537",5,534,NA,534,8,147,"2024-02-13 18:30:00.000","2024-03-21T12:00:00+00.00","2024-03-21T12:00:00+00.00"
"NPg_Substation_February2024","Northern Powergrid","NPg",148553006,"SEVENTH STREET HORDEN","54.764915, -1.3154537",5,284,NA,284,8,375,"2024-02-13 19:00:00.000","2024-03-21T12:00:00+00.00","2024-03-21T12:00:00+00.00"
"NPg_Substation_February2024","Northern Powergrid","NPg",148553006,"SEVENTH STREET HORDEN","54.764915, -1.3154537",5,257,NA,257,8,157,"2024-02-13 19:30:00.000","2024-03-21T12:00:00+00.00","2024-03-21T12:00:00+00.00"
"NPg_Substation_February2024","Northern Powergrid","NPg",148553006,"SEVENTH STREET HORDEN","54.764915, -1.3154537",5,229,NA,229,8,72,"2024-02-13 20:00:00.000","2024-03-21T12:00:00+00.00","2024-03-21T12:00:00+00.00"
"NPg_Substation_February2024","Northern Powergrid","NPg",148553006,"SEVENTH STREET HORDEN","54.764915, -1.3154537",5,287,NA,287,8,44,"2024-02-13 20:30:00.000","2024-03-21T12:00:00+00.00","2024-03-21T12:00:00+00.00"
"NPg_Substation_February2024","Northern Powergrid","NPg",148553006,"SEVENTH STREET HORDEN","54.764915, -1.3154537",5,238,NA,238,8,39,"2024-02-13 21:00:00.000","2024-03-21T12:00:00+00.00","2024-03-21T12:00:00+00.00"
"NPg_Substation_February2024","Northern Powergrid","NPg",148553006,"SEVENTH STREET HORDEN","54.764915, -1.3154537",5,271,NA,271,8,105,"2024-02-13 21:30:00.000","2024-03-21T12:00:00+00.00","2024-03-21T12:00:00+00.00"
"NPg_Substation_February2024","Northern Powergrid","NPg",148553006,"SEVENTH STREET HORDEN","54.764915, -1.3154537",5,197,NA,197,8,55,"2024-02-13 22:00:00.000","2024-03-21T12:00:00+00.00","2024-03-21T12:00:00+00.00"
"NPg_Substation_February2024","Northern Powergrid","NPg",148553006,"SEVENTH STREET HORDEN","54.764915, -1.3154537",5,206,NA,206,8,44,"2024-02-13 22:30:00.000","2024-03-21T12:00:00+00.00","2024-03-21T12:00:00+00.00"
"NPg_Substation_February2024","Northern Powergrid","NPg",148553006,"SEVENTH STREET HORDEN","54.764915, -1.3154537",5,300,NA,300,8,108,"2024-02-13 23:00:00.000","2024-03-21T12:00:00+00.00","2024-03-21T12:00:00+00.00"
"NPg_Substation_February2024","Northern Powergrid","NPg",148553006,"SEVENTH STREET HORDEN","54.764915, -1.3154537",5,232,NA,232,8,123,"2024-02-13 23:30:00.000","2024-03-21T12:00:00+00.00","2024-03-21T12:00:00+00.00"
"NPg_Substation_February2024","Northern Powergrid","NPg",148553006,"SEVENTH STREET HORDEN","54.764915, -1.3154537",5,232,NA,232,8,66,"2024-02-14 00:00:00.000","2024-03-21T12:00:00+00.00","2024-03-21T12:00:00+00.00"
"NPg_Substation_February2024","Northern Powergrid","NPg",148553006,"SEVENTH STREET HORDEN","54.764915, -1.3154537",5,148,NA,148,8,36,"2024-02-14 00:30:00.000","2024-03-21T12:00:00+00.00","2024-03-21T12:00:00+00.00"
"NPg_Substation_February2024","Northern Powergrid","NPg",148553006,"SEVENTH STREET HORDEN","54.764915, -1.3154537",5,294,NA,294,8,59,"2024-02-14 01:00:00.000","2024-03-21T12:00:00+00.00","2024-03-21T12:00:00+00.00"
"NPg_Substation_February2024","Northern Powergrid","NPg",148553006,"SEVENTH STREET HORDEN","54.764915, -1.3154537",5,135,NA,135,8,79,"2024-02-14 01:30:00.000","2024-03-21T12:00:00+00.00","2024-03-21T12:00:00+00.00"
"NPg_Substation_February2024","Northern Powergrid","NPg",148553006,"SEVENTH STREET HORDEN","54.764915, -1.3154537",5,204,NA,204,8,43,"2024-02-14 02:00:00.000","2024-03-21T12:00:00+00.00","2024-03-21T12:00:00+00.00"
"NPg_Substation_February2024","Northern Powergrid","NPg",148553006,"SEVENTH STREET HORDEN","54.764915, -1.3154537",5,149,NA,149,8,26,"2024-02-14 02:30:00.000","2024-03-21T12:00:00+00.00","2024-03-21T12:00:00+00.00"
"NPg_Substation_February2024","Northern Powergrid","NPg",148553006,"SEVENTH STREET HORDEN","54.764915, -1.3154537",5,229,NA,229,8,80,"2024-02-14 03:00:00.000","2024-03-21T12:00:00+00.00","2024-03-21T12:00:00+00.00"
"NPg_Substation_February2024","Northern Powergrid","NPg",148553006,"SEVENTH STREET HORDEN","54.764915, -1.3154537",5,182,NA,182,8,126,"2024-02-14 03:30:00.000","2024-03-21T12:00:00+00.00","2024-03-21T12:00:00+00.00"
"NPg_Substation_February2024","Northern Powergrid","NPg",148553006,"SEVENTH STREET HORDEN","54.764915, -1.3154537",5,238,NA,238,8,118,"2024-02-14 04:00:00.000","2024-03-21T12:00:00+00.00","2024-03-21T12:00:00+00.00"
"NPg_Substation_February2024","Northern Powergrid","NPg",148553006,"SEVENTH STREET HORDEN","54.764915, -1.3154537",5,121,NA,121,8,79,"2024-02-14 04:30:00.000","2024-03-21T12:00:00+00.00","2024-03-21T12:00:00+00.00"
"NPg_Substation_February2024","Northern Powergrid","NPg",148553006,"SEVENTH STREET HORDEN","54.764915, -1.3154537",5,199,NA,199,8,76,"2024-02-14 05:00:00.000","2024-03-21T12:00:00+00.00","2024-03-21T12:00:00+00.00"
"NPg_Substation_February2024","Northern Powergrid","NPg",148553006,"SEVENTH STREET HORDEN","54.764915, -1.3154537",5,125,NA,125,8,41,"2024-02-14 05:30:00.000","2024-03-21T12:00:00+00.00","2024-03-21T12:00:00+00.00"
"NPg_Substation_February2024","Northern Powergrid","NPg",148553006,"SEVENTH STREET HORDEN","54.764915, -1.3154537",5,269,NA,269,8,46,"2024-02-14 06:00:00.000","2024-03-21T12:00:00+00.00","2024-03-21T12:00:00+00.00"
"NPg_Substation_February2024","Northern Powergrid","NPg",148553006,"SEVENTH STREET HORDEN","54.764915, -1.3154537",5,108,NA,108,8,44,"2024-02-14 06:30:00.000","2024-03-21T12:00:00+00.00","2024-03-21T12:00:00+00.00"
"NPg_Substation_February2024","Northern Powergrid","NPg",148553006,"SEVENTH STREET HORDEN","54.764915, -1.3154537",5,216,NA,216,8,70,"2024-02-14 07:00:00.000","2024-03-21T12:00:00+00.00","2024-03-21T12:00:00+00.00"
"NPg_Substation_February2024","Northern Powergrid","NPg",148553006,"SEVENTH STREET HORDEN","54.764915, -1.3154537",5,158,NA,158,8,74,"2024-02-14 07:30:00.000","2024-03-21T12:00:00+00.00","2024-03-21T12:00:00+00.00"
"NPg_Substation_February2024","Northern Powergrid","NPg",148553006,"SEVENTH STREET HORDEN","54.764915, -1.3154537",5,470,NA,470,8,108,"2024-02-14 08:00:00.000","2024-03-21T12:00:00+00.00","2024-03-21T12:00:00+00.00"
"NPg_Substation_February2024","Northern Powergrid","NPg",148553006,"SEVENTH STREET HORDEN","54.764915, -1.3154537",5,1098,NA,1098,8,86,"2024-02-14 08:30:00.000","2024-03-21T12:00:00+00.00","2024-03-21T12:00:00+00.00"
"NPg_Substation_February2024","Northern Powergrid","NPg",148553006,"SEVENTH STREET HORDEN","54.764915, -1.3154537",5,2957,NA,2957,8,37,"2024-02-14 09:00:00.000","2024-03-21T12:00:00+00.00","2024-03-21T12:00:00+00.00"
"NPg_Substation_February2024","Northern Powergrid","NPg",148553006,"SEVENTH STREET HORDEN","54.764915, -1.3154537",5,693,NA,693,8,56,"2024-02-14 09:30:00.000","2024-03-21T12:00:00+00.00","2024-03-21T12:00:00+00.00"
"NPg_Substation_February2024","Northern Powergrid","NPg",148553006,"SEVENTH STREET HORDEN","54.764915, -1.3154537",5,2066,NA,2066,8,60,"2024-02-14 10:00:00.000","2024-03-21T12:00:00+00.00","2024-03-21T12:00:00+00.00"
"NPg_Substation_February2024","Northern Powergrid","NPg",148553006,"SEVENTH STREET HORDEN","54.764915, -1.3154537",5,1016,NA,1016,8,15,"2024-02-14 10:30:00.000","2024-03-21T12:00:00+00.00","2024-03-21T12:00:00+00.00"
"NPg_Substation_February2024","Northern Powergrid","NPg",148553006,"SEVENTH STREET HORDEN","54.764915, -1.3154537",5,1574,NA,1574,8,167,"2024-02-14 11:00:00.000","2024-03-21T12:00:00+00.00","2024-03-21T12:00:00+00.00"
"NPg_Substation_February2024","Northern Powergrid","NPg",148553006,"SEVENTH STREET HORDEN","54.764915, -1.3154537",5,1617,NA,1617,8,61,"2024-02-14 11:30:00.000","2024-03-21T12:00:00+00.00","2024-03-21T12:00:00+00.00"
"NPg_Substation_February2024","Northern Powergrid","NPg",148553006,"SEVENTH STREET HORDEN","54.764915, -1.3154537",5,810,NA,810,8,46,"2024-02-14 12:00:00.000","2024-03-21T12:00:00+00.00","2024-03-21T12:00:00+00.00"
"NPg_Substation_February2024","Northern Powergrid","NPg",148553006,"SEVENTH STREET HORDEN","54.764915, -1.3154537",5,487,NA,487,8,91,"2024-02-14 12:30:00.000","2024-03-21T12:00:00+00.00","2024-03-21T12:00:00+00.00"
"NPg_Substation_February2024","Northern Powergrid","NPg",148553006,"SEVENTH STREET HORDEN","54.764915, -1.3154537",5,472,NA,472,8,84,"2024-02-14 13:00:00.000","2024-03-21T12:00:00+00.00","2024-03-21T12:00:00+00.00"
"NPg_Substation_February2024","Northern Powergrid","NPg",148553006,"SEVENTH STREET HORDEN","54.764915, -1.3154537",5,486,NA,486,8,51,"2024-02-14 13:30:00.000","2024-03-21T12:00:00+00.00","2024-03-21T12:00:00+00.00"
"NPg_Substation_February2024","Northern Powergrid","NPg",148553006,"SEVENTH STREET HORDEN","54.764915, -1.3154537",5,620,NA,620,8,41,"2024-02-14 14:00:00.000","2024-03-21T12:00:00+00.00","2024-03-21T12:00:00+00.00"
"NPg_Substation_February2024","Northern Powergrid","NPg",148553006,"SEVENTH STREET HORDEN","54.764915, -1.3154537",5,187,NA,187,8,27,"2024-02-14 14:30:00.000","2024-03-21T12:00:00+00.00","2024-03-21T12:00:00+00.00"
"NPg_Substation_February2024","Northern Powergrid","NPg",148553006,"SEVENTH STREET HORDEN","54.764915, -1.3154537",5,327,NA,327,8,19,"2024-02-14 15:00:00.000","2024-03-21T12:00:00+00.00","2024-03-21T12:00:00+00.00"
"NPg_Substation_February2024","Northern Powergrid","NPg",148553006,"SEVENTH STREET HORDEN","54.764915, -1.3154537",5,464,NA,464,8,36,"2024-02-14 15:30:00.000","2024-03-21T12:00:00+00.00","2024-03-21T12:00:00+00.00"
"NPg_Substation_February2024","Northern Powergrid","NPg",148553006,"SEVENTH STREET HORDEN","54.764915, -1.3154537",5,620,NA,620,8,41,"2024-02-14 16:00:00.000","2024-03-21T12:00:00+00.00","2024-03-21T12:00:00+00.00"
"NPg_Substation_February2024","Northern Powergrid","NPg",148553006,"SEVENTH STREET HORDEN","54.764915, -1.3154537",5,805,NA,805,8,156,"2024-02-14 16:30:00.000","2024-03-21T12:00:00+00.00","2024-03-21T12:00:00+00.00"
"NPg_Substation_February2024","Northern Powergrid","NPg",148553006,"SEVENTH STREET HORDEN","54.764915, -1.3154537",5,723,NA,723,8,285,"2024-02-14 17:00:00.000","2024-03-21T12:00:00+00.00","2024-03-21T12:00:00+00.00"
"NPg_Substation_February2024","Northern Powergrid","NPg",148553006,"SEVENTH STREET HORDEN","54.764915, -1.3154537",5,942,NA,942,8,370,"2024-02-14 17:30:00.000","2024-03-21T12:00:00+00.00","2024-03-21T12:00:00+00.00"
"NPg_Substation_February2024","Northern Powergrid","NPg",148553006,"SEVENTH STREET HORDEN","54.764915, -1.3154537",5,1218,NA,1218,8,362,"2024-02-14 18:00:00.000","2024-03-21T12:00:00+00.00","2024-03-21T12:00:00+00.00"
"NPg_Substation_February2024","Northern Powergrid","NPg",148553006,"SEVENTH STREET HORDEN","54.764915, -1.3154537",5,662,NA,662,8,288,"2024-02-14 18:30:00.000","2024-03-21T12:00:00+00.00","2024-03-21T12:00:00+00.00"
"NPg_Substation_February2024","Northern Powergrid","NPg",148553006,"SEVENTH STREET HORDEN","54.764915, -1.3154537",5,978,NA,978,8,325,"2024-02-14 19:00:00.000","2024-03-21T12:00:00+00.00","2024-03-21T12:00:00+00.00"
"NPg_Substation_February2024","Northern Powergrid","NPg",148553006,"SEVENTH STREET HORDEN","54.764915, -1.3154537",5,3071,NA,3071,8,216,"2024-02-14 19:30:00.000","2024-03-21T12:00:00+00.00","2024-03-21T12:00:00+00.00"
"NPg_Substation_February2024","Northern Powergrid","NPg",148553006,"SEVENTH STREET HORDEN","54.764915, -1.3154537",5,2176,NA,2176,8,204,"2024-02-14 20:00:00.000","2024-03-21T12:00:00+00.00","2024-03-21T12:00:00+00.00"
"NPg_Substation_February2024","Northern Powergrid","NPg",148553006,"SEVENTH STREET HORDEN","54.764915, -1.3154537",5,1915,NA,1915,8,147,"2024-02-14 20:30:00.000","2024-03-21T12:00:00+00.00","2024-03-21T12:00:00+00.00"
"NPg_Substation_February2024","Northern Powergrid","NPg",148553006,"SEVENTH STREET HORDEN","54.764915, -1.3154537",5,1545,NA,1545,8,117,"2024-02-14 21:00:00.000","2024-03-21T12:00:00+00.00","2024-03-21T12:00:00+00.00"
"NPg_Substation_February2024","Northern Powergrid","NPg",148553006,"SEVENTH STREET HORDEN","54.764915, -1.3154537",5,458,NA,458,8,105,"2024-02-14 21:30:00.000","2024-03-21T12:00:00+00.00","2024-03-21T12:00:00+00.00"
"NPg_Substation_February2024","Northern Powergrid","NPg",148553006,"SEVENTH STREET HORDEN","54.764915, -1.3154537",5,234,NA,234,8,139,"2024-02-14 22:00:00.000","2024-03-21T12:00:00+00.00","2024-03-21T12:00:00+00.00"
"NPg_Substation_February2024","Northern Powergrid","NPg",148553006,"SEVENTH STREET HORDEN","54.764915, -1.3154537",5,314,NA,314,8,90,"2024-02-14 22:30:00.000","2024-03-21T12:00:00+00.00","2024-03-21T12:00:00+00.00"
"NPg_Substation_February2024","Northern Powergrid","NPg",148553006,"SEVENTH STREET HORDEN","54.764915, -1.3154537",5,208,NA,208,8,32,"2024-02-14 23:00:00.000","2024-03-21T12:00:00+00.00","2024-03-21T12:00:00+00.00"
"NPg_Substation_February2024","Northern Powergrid","NPg",148553006,"SEVENTH STREET HORDEN","54.764915, -1.3154537",5,222,NA,222,8,52,"2024-02-14 23:30:00.000","2024-03-21T12:00:00+00.00","2024-03-21T12:00:00+00.00"
"NPg_Substation_February2024","Northern Powergrid","NPg",148553006,"SEVENTH STREET HORDEN","54.764915, -1.3154537",5,143,NA,143,8,55,"2024-02-15 00:00:00.000","2024-03-21T12:00:00+00.00","2024-03-21T12:00:00+00.00"
"NPg_Substation_February2024","Northern Powergrid","NPg",148553006,"SEVENTH STREET HORDEN","54.764915, -1.3154537",5,153,NA,153,8,28,"2024-02-15 00:30:00.000","2024-03-21T12:00:00+00.00","2024-03-21T12:00:00+00.00"
"NPg_Substation_February2024","Northern Powergrid","NPg",148553006,"SEVENTH STREET HORDEN","54.764915, -1.3154537",5,199,NA,199,8,50,"2024-02-15 01:00:00.000","2024-03-21T12:00:00+00.00","2024-03-21T12:00:00+00.00"
"NPg_Substation_February2024","Northern Powergrid","NPg",148553006,"SEVENTH STREET HORDEN","54.764915, -1.3154537",5,139,NA,139,8,73,"2024-02-15 01:30:00.000","2024-03-21T12:00:00+00.00","2024-03-21T12:00:00+00.00"
"NPg_Substation_February2024","Northern Powergrid","NPg",148553006,"SEVENTH STREET HORDEN","54.764915, -1.3154537",5,259,NA,259,8,82,"2024-02-15 02:00:00.000","2024-03-21T12:00:00+00.00","2024-03-21T12:00:00+00.00"
"NPg_Substation_February2024","Northern Powergrid","NPg",148553006,"SEVENTH STREET HORDEN","54.764915, -1.3154537",5,433,NA,433,8,134,"2024-02-15 02:30:00.000","2024-03-21T12:00:00+00.00","2024-03-21T12:00:00+00.00"
"NPg_Substation_February2024","Northern Powergrid","NPg",148553006,"SEVENTH STREET HORDEN","54.764915, -1.3154537",5,1020,NA,1020,8,107,"2024-02-15 03:00:00.000","2024-03-21T12:00:00+00.00","2024-03-21T12:00:00+00.00"
"NPg_Substation_February2024","Northern Powergrid","NPg",148553006,"SEVENTH STREET HORDEN","54.764915, -1.3154537",5,1186,NA,1186,8,43,"2024-02-15 03:30:00.000","2024-03-21T12:00:00+00.00","2024-03-21T12:00:00+00.00"
"NPg_Substation_February2024","Northern Powergrid","NPg",148553006,"SEVENTH STREET HORDEN","54.764915, -1.3154537",5,1146,NA,1146,8,48,"2024-02-15 04:00:00.000","2024-03-21T12:00:00+00.00","2024-03-21T12:00:00+00.00"
"NPg_Substation_February2024","Northern Powergrid","NPg",148553006,"SEVENTH STREET HORDEN","54.764915, -1.3154537",5,1162,NA,1162,8,52,"2024-02-15 04:30:00.000","2024-03-21T12:00:00+00.00","2024-03-21T12:00:00+00.00"
"NPg_Substation_February2024","Northern Powergrid","NPg",148553006,"SEVENTH STREET HORDEN","54.764915, -1.3154537",5,150,NA,150,8,67,"2024-02-15 05:00:00.000","2024-03-21T12:00:00+00.00","2024-03-21T12:00:00+00.00"
"NPg_Substation_February2024","Northern Powergrid","NPg",148553006,"SEVENTH STREET HORDEN","54.764915, -1.3154537",5,201,NA,201,8,69,"2024-02-15 05:30:00.000","2024-03-21T12:00:00+00.00","2024-03-21T12:00:00+00.00"
"NPg_Substation_February2024","Northern Powergrid","NPg",148553006,"SEVENTH STREET HORDEN","54.764915, -1.3154537",5,199,NA,199,8,43,"2024-02-15 06:00:00.000","2024-03-21T12:00:00+00.00","2024-03-21T12:00:00+00.00"
"NPg_Substation_February2024","Northern Powergrid","NPg",148553006,"SEVENTH STREET HORDEN","54.764915, -1.3154537",5,204,NA,204,8,104,"2024-02-15 06:30:00.000","2024-03-21T12:00:00+00.00","2024-03-21T12:00:00+00.00"
"NPg_Substation_February2024","Northern Powergrid","NPg",148553006,"SEVENTH STREET HORDEN","54.764915, -1.3154537",5,350,NA,350,8,139,"2024-02-15 07:00:00.000","2024-03-21T12:00:00+00.00","2024-03-21T12:00:00+00.00"
"NPg_Substation_February2024","Northern Powergrid","NPg",148553006,"SEVENTH STREET HORDEN","54.764915, -1.3154537",5,209,NA,209,8,136,"2024-02-15 07:30:00.000","2024-03-21T12:00:00+00.00","2024-03-21T12:00:00+00.00"
"NPg_Substation_February2024","Northern Powergrid","NPg",148553006,"SEVENTH STREET HORDEN","54.764915, -1.3154537",5,1525,NA,1525,8,121,"2024-02-15 08:00:00.000","2024-03-21T12:00:00+00.00","2024-03-21T12:00:00+00.00"
"NPg_Substation_February2024","Northern Powergrid","NPg",148553006,"SEVENTH STREET HORDEN","54.764915, -1.3154537",5,1142,NA,1142,8,100,"2024-02-15 08:30:00.000","2024-03-21T12:00:00+00.00","2024-03-21T12:00:00+00.00"
"NPg_Substation_February2024","Northern Powergrid","NPg",148553006,"SEVENTH STREET HORDEN","54.764915, -1.3154537",5,224,NA,224,8,81,"2024-02-15 09:00:00.000","2024-03-21T12:00:00+00.00","2024-03-21T12:00:00+00.00"
"NPg_Substation_February2024","Northern Powergrid","NPg",148553006,"SEVENTH STREET HORDEN","54.764915, -1.3154537",5,379,NA,379,8,50,"2024-02-15 09:30:00.000","2024-03-21T12:00:00+00.00","2024-03-21T12:00:00+00.00"
"NPg_Substation_February2024","Northern Powergrid","NPg",148553006,"SEVENTH STREET HORDEN","54.764915, -1.3154537",5,452,NA,452,8,47,"2024-02-15 10:00:00.000","2024-03-21T12:00:00+00.00","2024-03-21T12:00:00+00.00"
"NPg_Substation_February2024","Northern Powergrid","NPg",148553006,"SEVENTH STREET HORDEN","54.764915, -1.3154537",5,198,NA,198,8,19,"2024-02-15 10:30:00.000","2024-03-21T12:00:00+00.00","2024-03-21T12:00:00+00.00"
"NPg_Substation_February2024","Northern Powergrid","NPg",148553006,"SEVENTH STREET HORDEN","54.764915, -1.3154537",5,349,NA,349,8,45,"2024-02-15 11:00:00.000","2024-03-21T12:00:00+00.00","2024-03-21T12:00:00+00.00"
"NPg_Substation_February2024","Northern Powergrid","NPg",148553006,"SEVENTH STREET HORDEN","54.764915, -1.3154537",5,624,NA,624,8,89,"2024-02-15 11:30:00.000","2024-03-21T12:00:00+00.00","2024-03-21T12:00:00+00.00"
"NPg_Substation_February2024","Northern Powergrid","NPg",148553006,"SEVENTH STREET HORDEN","54.764915, -1.3154537",5,2577,NA,2577,8,95,"2024-02-15 12:00:00.000","2024-03-21T12:00:00+00.00","2024-03-21T12:00:00+00.00"
"NPg_Substation_February2024","Northern Powergrid","NPg",148553006,"SEVENTH STREET HORDEN","54.764915, -1.3154537",5,301,NA,301,8,26,"2024-02-15 12:30:00.000","2024-03-21T12:00:00+00.00","2024-03-21T12:00:00+00.00"
"NPg_Substation_February2024","Northern Powergrid","NPg",148553006,"SEVENTH STREET HORDEN","54.764915, -1.3154537",5,376,NA,376,8,11,"2024-02-15 13:00:00.000","2024-03-21T12:00:00+00.00","2024-03-21T12:00:00+00.00"
"NPg_Substation_February2024","Northern Powergrid","NPg",148553006,"SEVENTH STREET HORDEN","54.764915, -1.3154537",5,146,NA,146,8,12,"2024-02-15 13:30:00.000","2024-03-21T12:00:00+00.00","2024-03-21T12:00:00+00.00"
"NPg_Substation_February2024","Northern Powergrid","NPg",148553006,"SEVENTH STREET HORDEN","54.764915, -1.3154537",5,220,NA,220,8,19,"2024-02-15 14:00:00.000","2024-03-21T12:00:00+00.00","2024-03-21T12:00:00+00.00"
"NPg_Substation_February2024","Northern Powergrid","NPg",148553006,"SEVENTH STREET HORDEN","54.764915, -1.3154537",5,215,NA,215,8,22,"2024-02-15 14:30:00.000","2024-03-21T12:00:00+00.00","2024-03-21T12:00:00+00.00"
"NPg_Substation_February2024","Northern Powergrid","NPg",148553006,"SEVENTH STREET HORDEN","54.764915, -1.3154537",5,522,NA,522,8,14,"2024-02-15 15:00:00.000","2024-03-21T12:00:00+00.00","2024-03-21T12:00:00+00.00"
"NPg_Substation_February2024","Northern Powergrid","NPg",148553006,"SEVENTH STREET HORDEN","54.764915, -1.3154537",5,326,NA,326,8,17,"2024-02-15 15:30:00.000","2024-03-21T12:00:00+00.00","2024-03-21T12:00:00+00.00"
"NPg_Substation_February2024","Northern Powergrid","NPg",148553006,"SEVENTH STREET HORDEN","54.764915, -1.3154537",5,267,NA,267,8,97,"2024-02-15 16:00:00.000","2024-03-21T12:00:00+00.00","2024-03-21T12:00:00+00.00"
"NPg_Substation_February2024","Northern Powergrid","NPg",148553006,"SEVENTH STREET HORDEN","54.764915, -1.3154537",5,225,NA,225,8,126,"2024-02-15 16:30:00.000","2024-03-21T12:00:00+00.00","2024-03-21T12:00:00+00.00"
"NPg_Substation_February2024","Northern Powergrid","NPg",148553006,"SEVENTH STREET HORDEN","54.764915, -1.3154537",5,379,NA,379,8,125,"2024-02-15 17:00:00.000","2024-03-21T12:00:00+00.00","2024-03-21T12:00:00+00.00"
"NPg_Substation_February2024","Northern Powergrid","NPg",148553006,"SEVENTH STREET HORDEN","54.764915, -1.3154537",5,738,NA,738,8,89,"2024-02-15 17:30:00.000","2024-03-21T12:00:00+00.00","2024-03-21T12:00:00+00.00"
"NPg_Substation_February2024","Northern Powergrid","NPg",148553006,"SEVENTH STREET HORDEN","54.764915, -1.3154537",5,1163,NA,1163,8,101,"2024-02-15 18:00:00.000","2024-03-21T12:00:00+00.00","2024-03-21T12:00:00+00.00"
"NPg_Substation_February2024","Northern Powergrid","NPg",148553006,"SEVENTH STREET HORDEN","54.764915, -1.3154537",5,1707,NA,1707,8,127,"2024-02-15 18:30:00.000","2024-03-21T12:00:00+00.00","2024-03-21T12:00:00+00.00"
"NPg_Substation_February2024","Northern Powergrid","NPg",148553006,"SEVENTH STREET HORDEN","54.764915, -1.3154537",5,1051,NA,1051,8,98,"2024-02-15 19:00:00.000","2024-03-21T12:00:00+00.00","2024-03-21T12:00:00+00.00"
"NPg_Substation_February2024","Northern Powergrid","NPg",148553006,"SEVENTH STREET HORDEN","54.764915, -1.3154537",5,460,NA,460,8,105,"2024-02-15 19:30:00.000","2024-03-21T12:00:00+00.00","2024-03-21T12:00:00+00.00"
"NPg_Substation_February2024","Northern Powergrid","NPg",148553006,"SEVENTH STREET HORDEN","54.764915, -1.3154537",5,272,NA,272,8,77,"2024-02-15 20:00:00.000","2024-03-21T12:00:00+00.00","2024-03-21T12:00:00+00.00"
"NPg_Substation_February2024","Northern Powergrid","NPg",148553006,"SEVENTH STREET HORDEN","54.764915, -1.3154537",5,196,NA,196,8,74,"2024-02-15 20:30:00.000","2024-03-21T12:00:00+00.00","2024-03-21T12:00:00+00.00"
"NPg_Substation_February2024","Northern Powergrid","NPg",148553006,"SEVENTH STREET HORDEN","54.764915, -1.3154537",5,759,NA,759,8,142,"2024-02-15 21:00:00.000","2024-03-21T12:00:00+00.00","2024-03-21T12:00:00+00.00"
"NPg_Substation_February2024","Northern Powergrid","NPg",148553006,"SEVENTH STREET HORDEN","54.764915, -1.3154537",5,786,NA,786,8,123,"2024-02-15 21:30:00.000","2024-03-21T12:00:00+00.00","2024-03-21T12:00:00+00.00"
"NPg_Substation_February2024","Northern Powergrid","NPg",148553006,"SEVENTH STREET HORDEN","54.764915, -1.3154537",5,629,NA,629,8,32,"2024-02-15 22:00:00.000","2024-03-21T12:00:00+00.00","2024-03-21T12:00:00+00.00"
"NPg_Substation_February2024","Northern Powergrid","NPg",148553006,"SEVENTH STREET HORDEN","54.764915, -1.3154537",5,151,NA,151,8,64,"2024-02-15 22:30:00.000","2024-03-21T12:00:00+00.00","2024-03-21T12:00:00+00.00"
"NPg_Substation_February2024","Northern Powergrid","NPg",148553006,"SEVENTH STREET HORDEN","54.764915, -1.3154537",5,133,NA,133,8,62,"2024-02-15 23:00:00.000","2024-03-21T12:00:00+00.00","2024-03-21T12:00:00+00.00"
"NPg_Substation_February2024","Northern Powergrid","NPg",148553006,"SEVENTH STREET HORDEN","54.764915, -1.3154537",5,229,NA,229,8,46,"2024-02-15 23:30:00.000","2024-03-21T12:00:00+00.00","2024-03-21T12:00:00+00.00"
"NPg_Substation_February2024","Northern Powergrid","NPg",148553006,"SEVENTH STREET HORDEN","54.764915, -1.3154537",5,121,NA,121,8,50,"2024-02-16 00:00:00.000","2024-03-21T12:00:00+00.00","2024-03-21T12:00:00+00.00"
"NPg_Substation_February2024","Northern Powergrid","NPg",148553006,"SEVENTH STREET HORDEN","54.764915, -1.3154537",5,241,NA,241,8,73,"2024-02-16 00:30:00.000","2024-03-21T12:00:00+00.00","2024-03-21T12:00:00+00.00"
"NPg_Substation_February2024","Northern Powergrid","NPg",148553006,"SEVENTH STREET HORDEN","54.764915, -1.3154537",5,160,NA,160,8,48,"2024-02-16 01:00:00.000","2024-03-21T12:00:00+00.00","2024-03-21T12:00:00+00.00"
"NPg_Substation_February2024","Northern Powergrid","NPg",148553006,"SEVENTH STREET HORDEN","54.764915, -1.3154537",5,258,NA,258,8,123,"2024-02-16 01:30:00.000","2024-03-21T12:00:00+00.00","2024-03-21T12:00:00+00.00"
"NPg_Substation_February2024","Northern Powergrid","NPg",148553006,"SEVENTH STREET HORDEN","54.764915, -1.3154537",5,350,NA,350,8,153,"2024-02-16 02:00:00.000","2024-03-21T12:00:00+00.00","2024-03-21T12:00:00+00.00"
"NPg_Substation_February2024","Northern Powergrid","NPg",148553006,"SEVENTH STREET HORDEN","54.764915, -1.3154537",5,162,NA,162,8,64,"2024-02-16 02:30:00.000","2024-03-21T12:00:00+00.00","2024-03-21T12:00:00+00.00"
"NPg_Substation_February2024","Northern Powergrid","NPg",148553006,"SEVENTH STREET HORDEN","54.764915, -1.3154537",5,224,NA,224,8,48,"2024-02-16 03:00:00.000","2024-03-21T12:00:00+00.00","2024-03-21T12:00:00+00.00"
"NPg_Substation_February2024","Northern Powergrid","NPg",148553006,"SEVENTH STREET HORDEN","54.764915, -1.3154537",5,192,NA,192,8,66,"2024-02-16 03:30:00.000","2024-03-21T12:00:00+00.00","2024-03-21T12:00:00+00.00"
"NPg_Substation_February2024","Northern Powergrid","NPg",148553006,"SEVENTH STREET HORDEN","54.764915, -1.3154537",5,177,NA,177,8,53,"2024-02-16 04:00:00.000","2024-03-21T12:00:00+00.00","2024-03-21T12:00:00+00.00"
"NPg_Substation_February2024","Northern Powergrid","NPg",148553006,"SEVENTH STREET HORDEN","54.764915, -1.3154537",5,579,NA,579,8,40,"2024-02-16 04:30:00.000","2024-03-21T12:00:00+00.00","2024-03-21T12:00:00+00.00"
"NPg_Substation_February2024","Northern Powergrid","NPg",148553006,"SEVENTH STREET HORDEN","54.764915, -1.3154537",5,931,NA,931,8,38,"2024-02-16 05:00:00.000","2024-03-21T12:00:00+00.00","2024-03-21T12:00:00+00.00"
"NPg_Substation_February2024","Northern Powergrid","NPg",148553006,"SEVENTH STREET HORDEN","54.764915, -1.3154537",5,268,NA,268,8,95,"2024-02-16 05:30:00.000","2024-03-21T12:00:00+00.00","2024-03-21T12:00:00+00.00"
"NPg_Substation_February2024","Northern Powergrid","NPg",148553006,"SEVENTH STREET HORDEN","54.764915, -1.3154537",5,209,NA,209,8,126,"2024-02-16 06:00:00.000","2024-03-21T12:00:00+00.00","2024-03-21T12:00:00+00.00"
"NPg_Substation_February2024","Northern Powergrid","NPg",148553006,"SEVENTH STREET HORDEN","54.764915, -1.3154537",5,799,NA,799,8,121,"2024-02-16 06:30:00.000","2024-03-21T12:00:00+00.00","2024-03-21T12:00:00+00.00"
"NPg_Substation_February2024","Northern Powergrid","NPg",148553006,"SEVENTH STREET HORDEN","54.764915, -1.3154537",5,283,NA,283,8,113,"2024-02-16 07:00:00.000","2024-03-21T12:00:00+00.00","2024-03-21T12:00:00+00.00"
"NPg_Substation_February2024","Northern Powergrid","NPg",148553006,"SEVENTH STREET HORDEN","54.764915, -1.3154537",5,416,NA,416,8,263,"2024-02-16 07:30:00.000","2024-03-21T12:00:00+00.00","2024-03-21T12:00:00+00.00"
"NPg_Substation_February2024","Northern Powergrid","NPg",148553006,"SEVENTH STREET HORDEN","54.764915, -1.3154537",5,272,NA,272,8,71,"2024-02-16 08:00:00.000","2024-03-21T12:00:00+00.00","2024-03-21T12:00:00+00.00"
"NPg_Substation_February2024","Northern Powergrid","NPg",148553006,"SEVENTH STREET HORDEN","54.764915, -1.3154537",5,269,NA,269,8,54,"2024-02-16 08:30:00.000","2024-03-21T12:00:00+00.00","2024-03-21T12:00:00+00.00"
"NPg_Substation_February2024","Northern Powergrid","NPg",148553006,"SEVENTH STREET HORDEN","54.764915, -1.3154537",5,167,NA,167,8,23,"2024-02-16 09:00:00.000","2024-03-21T12:00:00+00.00","2024-03-21T12:00:00+00.00"
"NPg_Substation_February2024","Northern Powergrid","NPg",148553006,"SEVENTH STREET HORDEN","54.764915, -1.3154537",5,281,NA,281,8,20,"2024-02-16 09:30:00.000","2024-03-21T12:00:00+00.00","2024-03-21T12:00:00+00.00"
"NPg_Substation_February2024","Northern Powergrid","NPg",148553006,"SEVENTH STREET HORDEN","54.764915, -1.3154537",5,319,NA,319,8,31,"2024-02-16 10:00:00.000","2024-03-21T12:00:00+00.00","2024-03-21T12:00:00+00.00"
"NPg_Substation_February2024","Northern Powergrid","NPg",148553006,"SEVENTH STREET HORDEN","54.764915, -1.3154537",5,268,NA,268,8,65,"2024-02-16 10:30:00.000","2024-03-21T12:00:00+00.00","2024-03-21T12:00:00+00.00"
"NPg_Substation_February2024","Northern Powergrid","NPg",148553006,"SEVENTH STREET HORDEN","54.764915, -1.3154537",5,200,NA,200,8,182,"2024-02-16 11:00:00.000","2024-03-21T12:00:00+00.00","2024-03-21T12:00:00+00.00"
"NPg_Substation_February2024","Northern Powergrid","NPg",148553006,"SEVENTH STREET HORDEN","54.764915, -1.3154537",5,305,NA,305,8,99,"2024-02-16 11:30:00.000","2024-03-21T12:00:00+00.00","2024-03-21T12:00:00+00.00"
"NPg_Substation_February2024","Northern Powergrid","NPg",148553006,"SEVENTH STREET HORDEN","54.764915, -1.3154537",5,171,NA,171,8,15,"2024-02-16 12:00:00.000","2024-03-21T12:00:00+00.00","2024-03-21T12:00:00+00.00"
"NPg_Substation_February2024","Northern Powergrid","NPg",148553006,"SEVENTH STREET HORDEN","54.764915, -1.3154537",5,1725,NA,1725,8,11,"2024-02-16 12:30:00.000","2024-03-21T12:00:00+00.00","2024-03-21T12:00:00+00.00"
"NPg_Substation_February2024","Northern Powergrid","NPg",148553006,"SEVENTH STREET HORDEN","54.764915, -1.3154537",5,1090,NA,1090,8,189,"2024-02-16 13:00:00.000","2024-03-21T12:00:00+00.00","2024-03-21T12:00:00+00.00"
"NPg_Substation_February2024","Northern Powergrid","NPg",148553006,"SEVENTH STREET HORDEN","54.764915, -1.3154537",5,295,NA,295,8,201,"2024-02-16 13:30:00.000","2024-03-21T12:00:00+00.00","2024-03-21T12:00:00+00.00"
"NPg_Substation_February2024","Northern Powergrid","NPg",148553006,"SEVENTH STREET HORDEN","54.764915, -1.3154537",5,480,NA,480,8,74,"2024-02-16 14:00:00.000","2024-03-21T12:00:00+00.00","2024-03-21T12:00:00+00.00"
"NPg_Substation_February2024","Northern Powergrid","NPg",148553006,"SEVENTH STREET HORDEN","54.764915, -1.3154537",5,418,NA,418,8,161,"2024-02-16 14:30:00.000","2024-03-21T12:00:00+00.00","2024-03-21T12:00:00+00.00"
"NPg_Substation_February2024","Northern Powergrid","NPg",148553006,"SEVENTH STREET HORDEN","54.764915, -1.3154537",5,170,NA,170,8,110,"2024-02-16 15:00:00.000","2024-03-21T12:00:00+00.00","2024-03-21T12:00:00+00.00"
"NPg_Substation_February2024","Northern Powergrid","NPg",148553006,"SEVENTH STREET HORDEN","54.764915, -1.3154537",5,261,NA,261,8,91,"2024-02-16 15:30:00.000","2024-03-21T12:00:00+00.00","2024-03-21T12:00:00+00.00"
"NPg_Substation_February2024","Northern Powergrid","NPg",148553006,"SEVENTH STREET HORDEN","54.764915, -1.3154537",5,226,NA,226,8,100,"2024-02-16 16:00:00.000","2024-03-21T12:00:00+00.00","2024-03-21T12:00:00+00.00"
"NPg_Substation_February2024","Northern Powergrid","NPg",148553006,"SEVENTH STREET HORDEN","54.764915, -1.3154537",5,307,NA,307,8,28,"2024-02-16 16:30:00.000","2024-03-21T12:00:00+00.00","2024-03-21T12:00:00+00.00"
"NPg_Substation_February2024","Northern Powergrid","NPg",148553006,"SEVENTH STREET HORDEN","54.764915, -1.3154537",5,162,NA,162,8,13,"2024-02-16 17:00:00.000","2024-03-21T12:00:00+00.00","2024-03-21T12:00:00+00.00"
"NPg_Substation_February2024","Northern Powergrid","NPg",148553006,"SEVENTH STREET HORDEN","54.764915, -1.3154537",5,228,NA,228,8,73,"2024-02-16 17:30:00.000","2024-03-21T12:00:00+00.00","2024-03-21T12:00:00+00.00"
"NPg_Substation_February2024","Northern Powergrid","NPg",148553006,"SEVENTH STREET HORDEN","54.764915, -1.3154537",5,264,NA,264,8,128,"2024-02-16 18:00:00.000","2024-03-21T12:00:00+00.00","2024-03-21T12:00:00+00.00"
"NPg_Substation_February2024","Northern Powergrid","NPg",148553006,"SEVENTH STREET HORDEN","54.764915, -1.3154537",5,178,NA,178,8,42,"2024-02-16 18:30:00.000","2024-03-21T12:00:00+00.00","2024-03-21T12:00:00+00.00"
"NPg_Substation_February2024","Northern Powergrid","NPg",148553006,"SEVENTH STREET HORDEN","54.764915, -1.3154537",5,189,NA,189,8,72,"2024-02-16 19:00:00.000","2024-03-21T12:00:00+00.00","2024-03-21T12:00:00+00.00"
"NPg_Substation_February2024","Northern Powergrid","NPg",148553006,"SEVENTH STREET HORDEN","54.764915, -1.3154537",5,117,NA,117,8,57,"2024-02-16 19:30:00.000","2024-03-21T12:00:00+00.00","2024-03-21T12:00:00+00.00"
"NPg_Substation_February2024","Northern Powergrid","NPg",148553006,"SEVENTH STREET HORDEN","54.764915, -1.3154537",5,368,NA,368,8,117,"2024-02-16 20:00:00.000","2024-03-21T12:00:00+00.00","2024-03-21T12:00:00+00.00"
"NPg_Substation_February2024","Northern Powergrid","NPg",148553006,"SEVENTH STREET HORDEN","54.764915, -1.3154537",5,201,NA,201,8,136,"2024-02-16 20:30:00.000","2024-03-21T12:00:00+00.00","2024-03-21T12:00:00+00.00"
"NPg_Substation_February2024","Northern Powergrid","NPg",148553006,"SEVENTH STREET HORDEN","54.764915, -1.3154537",5,621,NA,621,8,113,"2024-02-16 21:00:00.000","2024-03-21T12:00:00+00.00","2024-03-21T12:00:00+00.00"
"NPg_Substation_February2024","Northern Powergrid","NPg",148553006,"SEVENTH STREET HORDEN","54.764915, -1.3154537",5,275,NA,275,8,85,"2024-02-16 21:30:00.000","2024-03-21T12:00:00+00.00","2024-03-21T12:00:00+00.00"
"NPg_Substation_February2024","Northern Powergrid","NPg",148553006,"SEVENTH STREET HORDEN","54.764915, -1.3154537",5,206,NA,206,8,61,"2024-02-16 22:00:00.000","2024-03-21T12:00:00+00.00","2024-03-21T12:00:00+00.00"
"NPg_Substation_February2024","Northern Powergrid","NPg",148553006,"SEVENTH STREET HORDEN","54.764915, -1.3154537",5,125,NA,125,8,45,"2024-02-16 22:30:00.000","2024-03-21T12:00:00+00.00","2024-03-21T12:00:00+00.00"
"NPg_Substation_February2024","Northern Powergrid","NPg",148553006,"SEVENTH STREET HORDEN","54.764915, -1.3154537",5,257,NA,257,8,57,"2024-02-16 23:00:00.000","2024-03-21T12:00:00+00.00","2024-03-21T12:00:00+00.00"
"NPg_Substation_February2024","Northern Powergrid","NPg",148553006,"SEVENTH STREET HORDEN","54.764915, -1.3154537",5,147,NA,147,8,41,"2024-02-16 23:30:00.000","2024-03-21T12:00:00+00.00","2024-03-21T12:00:00+00.00"
"NPg_Substation_February2024","Northern Powergrid","NPg",148553006,"SEVENTH STREET HORDEN","54.764915, -1.3154537",5,200,NA,200,8,41,"2024-02-17 00:00:00.000","2024-03-21T12:00:00+00.00","2024-03-21T12:00:00+00.00"
"NPg_Substation_February2024","Northern Powergrid","NPg",148553006,"SEVENTH STREET HORDEN","54.764915, -1.3154537",5,320,NA,320,8,71,"2024-02-17 00:30:00.000","2024-03-21T12:00:00+00.00","2024-03-21T12:00:00+00.00"
"NPg_Substation_February2024","Northern Powergrid","NPg",148553006,"SEVENTH STREET HORDEN","54.764915, -1.3154537",5,1090,NA,1090,8,181,"2024-02-17 01:00:00.000","2024-03-21T12:00:00+00.00","2024-03-21T12:00:00+00.00"
"NPg_Substation_February2024","Northern Powergrid","NPg",148553006,"SEVENTH STREET HORDEN","54.764915, -1.3154537",5,231,NA,231,8,148,"2024-02-17 01:30:00.000","2024-03-21T12:00:00+00.00","2024-03-21T12:00:00+00.00"
"NPg_Substation_February2024","Northern Powergrid","NPg",148553006,"SEVENTH STREET HORDEN","54.764915, -1.3154537",5,212,NA,212,8,76,"2024-02-17 02:00:00.000","2024-03-21T12:00:00+00.00","2024-03-21T12:00:00+00.00"
"NPg_Substation_February2024","Northern Powergrid","NPg",148553006,"SEVENTH STREET HORDEN","54.764915, -1.3154537",5,99,NA,99,8,45,"2024-02-17 02:30:00.000","2024-03-21T12:00:00+00.00","2024-03-21T12:00:00+00.00"
"NPg_Substation_February2024","Northern Powergrid","NPg",148553006,"SEVENTH STREET HORDEN","54.764915, -1.3154537",5,220,NA,220,8,61,"2024-02-17 03:00:00.000","2024-03-21T12:00:00+00.00","2024-03-21T12:00:00+00.00"
"NPg_Substation_February2024","Northern Powergrid","NPg",148553006,"SEVENTH STREET HORDEN","54.764915, -1.3154537",5,127,NA,127,8,65,"2024-02-17 03:30:00.000","2024-03-21T12:00:00+00.00","2024-03-21T12:00:00+00.00"
"NPg_Substation_February2024","Northern Powergrid","NPg",148553006,"SEVENTH STREET HORDEN","54.764915, -1.3154537",5,168,NA,168,8,36,"2024-02-17 04:00:00.000","2024-03-21T12:00:00+00.00","2024-03-21T12:00:00+00.00"
"NPg_Substation_February2024","Northern Powergrid","NPg",148553006,"SEVENTH STREET HORDEN","54.764915, -1.3154537",5,159,NA,159,8,39,"2024-02-17 04:30:00.000","2024-03-21T12:00:00+00.00","2024-03-21T12:00:00+00.00"
"NPg_Substation_February2024","Northern Powergrid","NPg",148553006,"SEVENTH STREET HORDEN","54.764915, -1.3154537",5,181,NA,181,8,70,"2024-02-17 05:00:00.000","2024-03-21T12:00:00+00.00","2024-03-21T12:00:00+00.00"
"NPg_Substation_February2024","Northern Powergrid","NPg",148553006,"SEVENTH STREET HORDEN","54.764915, -1.3154537",5,191,NA,191,8,49,"2024-02-17 05:30:00.000","2024-03-21T12:00:00+00.00","2024-03-21T12:00:00+00.00"
"NPg_Substation_February2024","Northern Powergrid","NPg",148553006,"SEVENTH STREET HORDEN","54.764915, -1.3154537",5,204,NA,204,8,96,"2024-02-17 06:00:00.000","2024-03-21T12:00:00+00.00","2024-03-21T12:00:00+00.00"
"NPg_Substation_February2024","Northern Powergrid","NPg",148553006,"SEVENTH STREET HORDEN","54.764915, -1.3154537",5,239,NA,239,8,176,"2024-02-17 06:30:00.000","2024-03-21T12:00:00+00.00","2024-03-21T12:00:00+00.00"
"NPg_Substation_February2024","Northern Powergrid","NPg",148553006,"SEVENTH STREET HORDEN","54.764915, -1.3154537",5,513,NA,513,8,92,"2024-02-17 07:00:00.000","2024-03-21T12:00:00+00.00","2024-03-21T12:00:00+00.00"
"NPg_Substation_February2024","Northern Powergrid","NPg",148553006,"SEVENTH STREET HORDEN","54.764915, -1.3154537",5,272,NA,272,8,83,"2024-02-17 07:30:00.000","2024-03-21T12:00:00+00.00","2024-03-21T12:00:00+00.00"
"NPg_Substation_February2024","Northern Powergrid","NPg",148553006,"SEVENTH STREET HORDEN","54.764915, -1.3154537",5,141,NA,141,8,57,"2024-02-17 08:00:00.000","2024-03-21T12:00:00+00.00","2024-03-21T12:00:00+00.00"
"NPg_Substation_February2024","Northern Powergrid","NPg",148553006,"SEVENTH STREET HORDEN","54.764915, -1.3154537",5,193,NA,193,8,139,"2024-02-17 08:30:00.000","2024-03-21T12:00:00+00.00","2024-03-21T12:00:00+00.00"
"NPg_Substation_February2024","Northern Powergrid","NPg",148553006,"SEVENTH STREET HORDEN","54.764915, -1.3154537",5,846,NA,846,8,175,"2024-02-17 09:00:00.000","2024-03-21T12:00:00+00.00","2024-03-21T12:00:00+00.00"
"NPg_Substation_February2024","Northern Powergrid","NPg",148553006,"SEVENTH STREET HORDEN","54.764915, -1.3154537",5,1267,NA,1267,8,37,"2024-02-17 09:30:00.000","2024-03-21T12:00:00+00.00","2024-03-21T12:00:00+00.00"
"NPg_Substation_February2024","Northern Powergrid","NPg",148553006,"SEVENTH STREET HORDEN","54.764915, -1.3154537",5,743,NA,743,8,59,"2024-02-17 10:00:00.000","2024-03-21T12:00:00+00.00","2024-03-21T12:00:00+00.00"
"NPg_Substation_February2024","Northern Powergrid","NPg",148553006,"SEVENTH STREET HORDEN","54.764915, -1.3154537",5,785,NA,785,8,85,"2024-02-17 10:30:00.000","2024-03-21T12:00:00+00.00","2024-03-21T12:00:00+00.00"
"NPg_Substation_February2024","Northern Powergrid","NPg",148553006,"SEVENTH STREET HORDEN","54.764915, -1.3154537",5,336,NA,336,8,116,"2024-02-17 11:00:00.000","2024-03-21T12:00:00+00.00","2024-03-21T12:00:00+00.00"
"NPg_Substation_February2024","Northern Powergrid","NPg",148553006,"SEVENTH STREET HORDEN","54.764915, -1.3154537",5,132,NA,132,8,27,"2024-02-17 11:30:00.000","2024-03-21T12:00:00+00.00","2024-03-21T12:00:00+00.00"
"NPg_Substation_February2024","Northern Powergrid","NPg",148553006,"SEVENTH STREET HORDEN","54.764915, -1.3154537",5,152,NA,152,8,16,"2024-02-17 12:00:00.000","2024-03-21T12:00:00+00.00","2024-03-21T12:00:00+00.00"
"NPg_Substation_February2024","Northern Powergrid","NPg",148553006,"SEVENTH STREET HORDEN","54.764915, -1.3154537",5,147,NA,147,8,10,"2024-02-17 12:30:00.000","2024-03-21T12:00:00+00.00","2024-03-21T12:00:00+00.00"
"NPg_Substation_February2024","Northern Powergrid","NPg",148553006,"SEVENTH STREET HORDEN","54.764915, -1.3154537",5,117,NA,117,8,20,"2024-02-17 13:00:00.000","2024-03-21T12:00:00+00.00","2024-03-21T12:00:00+00.00"
"NPg_Substation_February2024","Northern Powergrid","NPg",148553006,"SEVENTH STREET HORDEN","54.764915, -1.3154537",5,1022,NA,1022,8,24,"2024-02-17 13:30:00.000","2024-03-21T12:00:00+00.00","2024-03-21T12:00:00+00.00"
"NPg_Substation_February2024","Northern Powergrid","NPg",148553006,"SEVENTH STREET HORDEN","54.764915, -1.3154537",5,347,NA,347,8,11,"2024-02-17 14:00:00.000","2024-03-21T12:00:00+00.00","2024-03-21T12:00:00+00.00"
"NPg_Substation_February2024","Northern Powergrid","NPg",148553006,"SEVENTH STREET HORDEN","54.764915, -1.3154537",5,244,NA,244,8,38,"2024-02-17 14:30:00.000","2024-03-21T12:00:00+00.00","2024-03-21T12:00:00+00.00"
"NPg_Substation_February2024","Northern Powergrid","NPg",148553006,"SEVENTH STREET HORDEN","54.764915, -1.3154537",5,133,NA,133,8,93,"2024-02-17 15:00:00.000","2024-03-21T12:00:00+00.00","2024-03-21T12:00:00+00.00"
"NPg_Substation_February2024","Northern Powergrid","NPg",148553006,"SEVENTH STREET HORDEN","54.764915, -1.3154537",5,241,NA,241,8,85,"2024-02-17 15:30:00.000","2024-03-21T12:00:00+00.00","2024-03-21T12:00:00+00.00"
"NPg_Substation_February2024","Northern Powergrid","NPg",148553006,"SEVENTH STREET HORDEN","54.764915, -1.3154537",5,120,NA,120,8,32,"2024-02-17 16:00:00.000","2024-03-21T12:00:00+00.00","2024-03-21T12:00:00+00.00"
"NPg_Substation_February2024","Northern Powergrid","NPg",148553006,"SEVENTH STREET HORDEN","54.764915, -1.3154537",5,401,NA,401,8,75,"2024-02-17 16:30:00.000","2024-03-21T12:00:00+00.00","2024-03-21T12:00:00+00.00"
"NPg_Substation_February2024","Northern Powergrid","NPg",148553006,"SEVENTH STREET HORDEN","54.764915, -1.3154537",5,180,NA,180,8,64,"2024-02-17 17:00:00.000","2024-03-21T12:00:00+00.00","2024-03-21T12:00:00+00.00"
"NPg_Substation_February2024","Northern Powergrid","NPg",148553006,"SEVENTH STREET HORDEN","54.764915, -1.3154537",5,253,NA,253,8,59,"2024-02-17 17:30:00.000","2024-03-21T12:00:00+00.00","2024-03-21T12:00:00+00.00"
"NPg_Substation_February2024","Northern Powergrid","NPg",148553006,"SEVENTH STREET HORDEN","54.764915, -1.3154537",5,131,NA,131,8,64,"2024-02-17 18:00:00.000","2024-03-21T12:00:00+00.00","2024-03-21T12:00:00+00.00"
"NPg_Substation_February2024","Northern Powergrid","NPg",148553006,"SEVENTH STREET HORDEN","54.764915, -1.3154537",5,260,NA,260,8,48,"2024-02-17 18:30:00.000","2024-03-21T12:00:00+00.00","2024-03-21T12:00:00+00.00"
"NPg_Substation_February2024","Northern Powergrid","NPg",148553006,"SEVENTH STREET HORDEN","54.764915, -1.3154537",5,147,NA,147,8,75,"2024-02-17 19:00:00.000","2024-03-21T12:00:00+00.00","2024-03-21T12:00:00+00.00"
"NPg_Substation_February2024","Northern Powergrid","NPg",148553006,"SEVENTH STREET HORDEN","54.764915, -1.3154537",5,292,NA,292,8,153,"2024-02-17 19:30:00.000","2024-03-21T12:00:00+00.00","2024-03-21T12:00:00+00.00"
"NPg_Substation_February2024","Northern Powergrid","NPg",148553006,"SEVENTH STREET HORDEN","54.764915, -1.3154537",5,198,NA,198,8,156,"2024-02-17 20:00:00.000","2024-03-21T12:00:00+00.00","2024-03-21T12:00:00+00.00"
"NPg_Substation_February2024","Northern Powergrid","NPg",148553006,"SEVENTH STREET HORDEN","54.764915, -1.3154537",5,932,NA,932,8,333,"2024-02-17 20:30:00.000","2024-03-21T12:00:00+00.00","2024-03-21T12:00:00+00.00"
"NPg_Substation_February2024","Northern Powergrid","NPg",148553006,"SEVENTH STREET HORDEN","54.764915, -1.3154537",5,204,NA,204,8,226,"2024-02-17 21:00:00.000","2024-03-21T12:00:00+00.00","2024-03-21T12:00:00+00.00"
"NPg_Substation_February2024","Northern Powergrid","NPg",148553006,"SEVENTH STREET HORDEN","54.764915, -1.3154537",5,521,NA,521,8,88,"2024-02-17 21:30:00.000","2024-03-21T12:00:00+00.00","2024-03-21T12:00:00+00.00"
"NPg_Substation_February2024","Northern Powergrid","NPg",148553006,"SEVENTH STREET HORDEN","54.764915, -1.3154537",5,347,NA,347,8,81,"2024-02-17 22:00:00.000","2024-03-21T12:00:00+00.00","2024-03-21T12:00:00+00.00"
"NPg_Substation_February2024","Northern Powergrid","NPg",148553006,"SEVENTH STREET HORDEN","54.764915, -1.3154537",5,290,NA,290,8,84,"2024-02-17 22:30:00.000","2024-03-21T12:00:00+00.00","2024-03-21T12:00:00+00.00"
"NPg_Substation_February2024","Northern Powergrid","NPg",148553006,"SEVENTH STREET HORDEN","54.764915, -1.3154537",5,148,NA,148,8,82,"2024-02-17 23:00:00.000","2024-03-21T12:00:00+00.00","2024-03-21T12:00:00+00.00"
"NPg_Substation_February2024","Northern Powergrid","NPg",148553006,"SEVENTH STREET HORDEN","54.764915, -1.3154537",5,306,NA,306,8,150,"2024-02-17 23:30:00.000","2024-03-21T12:00:00+00.00","2024-03-21T12:00:00+00.00"
"NPg_Substation_February2024","Northern Powergrid","NPg",148553006,"SEVENTH STREET HORDEN","54.764915, -1.3154537",5,198,NA,198,8,137,"2024-02-18 00:00:00.000","2024-03-21T12:00:00+00.00","2024-03-21T12:00:00+00.00"
"NPg_Substation_February2024","Northern Powergrid","NPg",148553006,"SEVENTH STREET HORDEN","54.764915, -1.3154537",5,281,NA,281,8,33,"2024-02-18 00:30:00.000","2024-03-21T12:00:00+00.00","2024-03-21T12:00:00+00.00"
"NPg_Substation_February2024","Northern Powergrid","NPg",148553006,"SEVENTH STREET HORDEN","54.764915, -1.3154537",5,170,NA,170,8,49,"2024-02-18 01:00:00.000","2024-03-21T12:00:00+00.00","2024-03-21T12:00:00+00.00"
"NPg_Substation_February2024","Northern Powergrid","NPg",148553006,"SEVENTH STREET HORDEN","54.764915, -1.3154537",5,184,NA,184,8,40,"2024-02-18 01:30:00.000","2024-03-21T12:00:00+00.00","2024-03-21T12:00:00+00.00"
"NPg_Substation_February2024","Northern Powergrid","NPg",148553006,"SEVENTH STREET HORDEN","54.764915, -1.3154537",5,109,NA,109,8,64,"2024-02-18 02:00:00.000","2024-03-21T12:00:00+00.00","2024-03-21T12:00:00+00.00"
"NPg_Substation_February2024","Northern Powergrid","NPg",148553006,"SEVENTH STREET HORDEN","54.764915, -1.3154537",5,183,NA,183,8,49,"2024-02-18 02:30:00.000","2024-03-21T12:00:00+00.00","2024-03-21T12:00:00+00.00"
"NPg_Substation_February2024","Northern Powergrid","NPg",148553006,"SEVENTH STREET HORDEN","54.764915, -1.3154537",5,101,NA,101,8,49,"2024-02-18 03:00:00.000","2024-03-21T12:00:00+00.00","2024-03-21T12:00:00+00.00"
"NPg_Substation_February2024","Northern Powergrid","NPg",148553006,"SEVENTH STREET HORDEN","54.764915, -1.3154537",5,176,NA,176,8,27,"2024-02-18 03:30:00.000","2024-03-21T12:00:00+00.00","2024-03-21T12:00:00+00.00"
"NPg_Substation_February2024","Northern Powergrid","NPg",148553006,"SEVENTH STREET HORDEN","54.764915, -1.3154537",5,158,NA,158,8,135,"2024-02-18 04:00:00.000","2024-03-21T12:00:00+00.00","2024-03-21T12:00:00+00.00"
"NPg_Substation_February2024","Northern Powergrid","NPg",148553006,"SEVENTH STREET HORDEN","54.764915, -1.3154537",5,284,NA,284,8,118,"2024-02-18 04:30:00.000","2024-03-21T12:00:00+00.00","2024-03-21T12:00:00+00.00"
"NPg_Substation_February2024","Northern Powergrid","NPg",148553006,"SEVENTH STREET HORDEN","54.764915, -1.3154537",5,381,NA,381,8,101,"2024-02-18 05:00:00.000","2024-03-21T12:00:00+00.00","2024-03-21T12:00:00+00.00"
"NPg_Substation_February2024","Northern Powergrid","NPg",148553006,"SEVENTH STREET HORDEN","54.764915, -1.3154537",5,226,NA,226,8,59,"2024-02-18 05:30:00.000","2024-03-21T12:00:00+00.00","2024-03-21T12:00:00+00.00"
"NPg_Substation_February2024","Northern Powergrid","NPg",148553006,"SEVENTH STREET HORDEN","54.764915, -1.3154537",5,122,NA,122,8,57,"2024-02-18 06:00:00.000","2024-03-21T12:00:00+00.00","2024-03-21T12:00:00+00.00"
"NPg_Substation_February2024","Northern Powergrid","NPg",148553006,"SEVENTH STREET HORDEN","54.764915, -1.3154537",5,231,NA,231,8,37,"2024-02-18 06:30:00.000","2024-03-21T12:00:00+00.00","2024-03-21T12:00:00+00.00"
"NPg_Substation_February2024","Northern Powergrid","NPg",148553006,"SEVENTH STREET HORDEN","54.764915, -1.3154537",5,339,NA,339,8,27,"2024-02-18 07:00:00.000","2024-03-21T12:00:00+00.00","2024-03-21T12:00:00+00.00"
"NPg_Substation_February2024","Northern Powergrid","NPg",148553006,"SEVENTH STREET HORDEN","54.764915, -1.3154537",5,266,NA,266,8,68,"2024-02-18 07:30:00.000","2024-03-21T12:00:00+00.00","2024-03-21T12:00:00+00.00"
"NPg_Substation_February2024","Northern Powergrid","NPg",148553006,"SEVENTH STREET HORDEN","54.764915, -1.3154537",5,180,NA,180,8,58,"2024-02-18 08:00:00.000","2024-03-21T12:00:00+00.00","2024-03-21T12:00:00+00.00"
"NPg_Substation_February2024","Northern Powergrid","NPg",148553006,"SEVENTH STREET HORDEN","54.764915, -1.3154537",5,210,NA,210,8,36,"2024-02-18 08:30:00.000","2024-03-21T12:00:00+00.00","2024-03-21T12:00:00+00.00"
"NPg_Substation_February2024","Northern Powergrid","NPg",148553006,"SEVENTH STREET HORDEN","54.764915, -1.3154537",5,235,NA,235,8,38,"2024-02-18 09:00:00.000","2024-03-21T12:00:00+00.00","2024-03-21T12:00:00+00.00"
"NPg_Substation_February2024","Northern Powergrid","NPg",148553006,"SEVENTH STREET HORDEN","54.764915, -1.3154537",5,451,NA,451,8,91,"2024-02-18 09:30:00.000","2024-03-21T12:00:00+00.00","2024-03-21T12:00:00+00.00"
"NPg_Substation_February2024","Northern Powergrid","NPg",148553006,"SEVENTH STREET HORDEN","54.764915, -1.3154537",5,230,NA,230,8,99,"2024-02-18 10:00:00.000","2024-03-21T12:00:00+00.00","2024-03-21T12:00:00+00.00"
"NPg_Substation_February2024","Northern Powergrid","NPg",148553006,"SEVENTH STREET HORDEN","54.764915, -1.3154537",5,148,NA,148,8,27,"2024-02-18 10:30:00.000","2024-03-21T12:00:00+00.00","2024-03-21T12:00:00+00.00"
"NPg_Substation_February2024","Northern Powergrid","NPg",148553006,"SEVENTH STREET HORDEN","54.764915, -1.3154537",5,183,NA,183,8,147,"2024-02-18 11:00:00.000","2024-03-21T12:00:00+00.00","2024-03-21T12:00:00+00.00"
"NPg_Substation_February2024","Northern Powergrid","NPg",148553006,"SEVENTH STREET HORDEN","54.764915, -1.3154537",5,296,NA,296,8,131,"2024-02-18 11:30:00.000","2024-03-21T12:00:00+00.00","2024-03-21T12:00:00+00.00"
"NPg_Substation_February2024","Northern Powergrid","NPg",148553006,"SEVENTH STREET HORDEN","54.764915, -1.3154537",5,1542,NA,1542,8,114,"2024-02-18 12:00:00.000","2024-03-21T12:00:00+00.00","2024-03-21T12:00:00+00.00"
"NPg_Substation_February2024","Northern Powergrid","NPg",148553006,"SEVENTH STREET HORDEN","54.764915, -1.3154537",5,178,NA,178,8,75,"2024-02-18 12:30:00.000","2024-03-21T12:00:00+00.00","2024-03-21T12:00:00+00.00"
"NPg_Substation_February2024","Northern Powergrid","NPg",148553006,"SEVENTH STREET HORDEN","54.764915, -1.3154537",5,298,NA,298,8,29,"2024-02-18 13:00:00.000","2024-03-21T12:00:00+00.00","2024-03-21T12:00:00+00.00"
"NPg_Substation_February2024","Northern Powergrid","NPg",148553006,"SEVENTH STREET HORDEN","54.764915, -1.3154537",5,270,NA,270,8,158,"2024-02-18 13:30:00.000","2024-03-21T12:00:00+00.00","2024-03-21T12:00:00+00.00"
"NPg_Substation_February2024","Northern Powergrid","NPg",148553006,"SEVENTH STREET HORDEN","54.764915, -1.3154537",5,310,NA,310,8,80,"2024-02-18 14:00:00.000","2024-03-21T12:00:00+00.00","2024-03-21T12:00:00+00.00"
"NPg_Substation_February2024","Northern Powergrid","NPg",148553006,"SEVENTH STREET HORDEN","54.764915, -1.3154537",5,838,NA,838,8,91,"2024-02-18 14:30:00.000","2024-03-21T12:00:00+00.00","2024-03-21T12:00:00+00.00"
"NPg_Substation_February2024","Northern Powergrid","NPg",148553006,"SEVENTH STREET HORDEN","54.764915, -1.3154537",5,742,NA,742,8,89,"2024-02-18 15:00:00.000","2024-03-21T12:00:00+00.00","2024-03-21T12:00:00+00.00"
"NPg_Substation_February2024","Northern Powergrid","NPg",148553006,"SEVENTH STREET HORDEN","54.764915, -1.3154537",5,153,NA,153,8,22,"2024-02-18 15:30:00.000","2024-03-21T12:00:00+00.00","2024-03-21T12:00:00+00.00"
"NPg_Substation_February2024","Northern Powergrid","NPg",148553006,"SEVENTH STREET HORDEN","54.764915, -1.3154537",5,240,NA,240,8,18,"2024-02-18 16:00:00.000","2024-03-21T12:00:00+00.00","2024-03-21T12:00:00+00.00"
"NPg_Substation_February2024","Northern Powergrid","NPg",148553006,"SEVENTH STREET HORDEN","54.764915, -1.3154537",5,174,NA,174,8,27,"2024-02-18 16:30:00.000","2024-03-21T12:00:00+00.00","2024-03-21T12:00:00+00.00"
"NPg_Substation_February2024","Northern Powergrid","NPg",148553006,"SEVENTH STREET HORDEN","54.764915, -1.3154537",5,230,NA,230,8,18,"2024-02-18 17:00:00.000","2024-03-21T12:00:00+00.00","2024-03-21T12:00:00+00.00"
"NPg_Substation_February2024","Northern Powergrid","NPg",148553006,"SEVENTH STREET HORDEN","54.764915, -1.3154537",5,125,NA,125,8,44,"2024-02-18 17:30:00.000","2024-03-21T12:00:00+00.00","2024-03-21T12:00:00+00.00"
"NPg_Substation_February2024","Northern Powergrid","NPg",148553006,"SEVENTH STREET HORDEN","54.764915, -1.3154537",5,233,NA,233,8,65,"2024-02-18 18:00:00.000","2024-03-21T12:00:00+00.00","2024-03-21T12:00:00+00.00"
"NPg_Substation_February2024","Northern Powergrid","NPg",148553006,"SEVENTH STREET HORDEN","54.764915, -1.3154537",5,124,NA,124,8,55,"2024-02-18 18:30:00.000","2024-03-21T12:00:00+00.00","2024-03-21T12:00:00+00.00"
"NPg_Substation_February2024","Northern Powergrid","NPg",148553006,"SEVENTH STREET HORDEN","54.764915, -1.3154537",5,272,NA,272,8,99,"2024-02-18 19:00:00.000","2024-03-21T12:00:00+00.00","2024-03-21T12:00:00+00.00"
"NPg_Substation_February2024","Northern Powergrid","NPg",148553006,"SEVENTH STREET HORDEN","54.764915, -1.3154537",5,236,NA,236,8,91,"2024-02-18 19:30:00.000","2024-03-21T12:00:00+00.00","2024-03-21T12:00:00+00.00"
"NPg_Substation_February2024","Northern Powergrid","NPg",148553006,"SEVENTH STREET HORDEN","54.764915, -1.3154537",5,429,NA,429,8,106,"2024-02-18 20:00:00.000","2024-03-21T12:00:00+00.00","2024-03-21T12:00:00+00.00"
"NPg_Substation_February2024","Northern Powergrid","NPg",148553006,"SEVENTH STREET HORDEN","54.764915, -1.3154537",5,423,NA,423,8,97,"2024-02-18 20:30:00.000","2024-03-21T12:00:00+00.00","2024-03-21T12:00:00+00.00"
"NPg_Substation_February2024","Northern Powergrid","NPg",148553006,"SEVENTH STREET HORDEN","54.764915, -1.3154537",5,1185,NA,1185,8,100,"2024-02-18 21:00:00.000","2024-03-21T12:00:00+00.00","2024-03-21T12:00:00+00.00"
"NPg_Substation_February2024","Northern Powergrid","NPg",148553006,"SEVENTH STREET HORDEN","54.764915, -1.3154537",5,550,NA,550,8,106,"2024-02-18 21:30:00.000","2024-03-21T12:00:00+00.00","2024-03-21T12:00:00+00.00"
"NPg_Substation_February2024","Northern Powergrid","NPg",148553006,"SEVENTH STREET HORDEN","54.764915, -1.3154537",5,146,NA,146,8,32,"2024-02-18 22:00:00.000","2024-03-21T12:00:00+00.00","2024-03-21T12:00:00+00.00"
"NPg_Substation_February2024","Northern Powergrid","NPg",148553006,"SEVENTH STREET HORDEN","54.764915, -1.3154537",5,238,NA,238,8,28,"2024-02-18 22:30:00.000","2024-03-21T12:00:00+00.00","2024-03-21T12:00:00+00.00"
"NPg_Substation_February2024","Northern Powergrid","NPg",148553006,"SEVENTH STREET HORDEN","54.764915, -1.3154537",5,108,NA,108,8,41,"2024-02-18 23:00:00.000","2024-03-21T12:00:00+00.00","2024-03-21T12:00:00+00.00"
"NPg_Substation_February2024","Northern Powergrid","NPg",148553006,"SEVENTH STREET HORDEN","54.764915, -1.3154537",5,223,NA,223,8,40,"2024-02-18 23:30:00.000","2024-03-21T12:00:00+00.00","2024-03-21T12:00:00+00.00"
"NPg_Substation_February2024","Northern Powergrid","NPg",148553006,"SEVENTH STREET HORDEN","54.764915, -1.3154537",5,107,NA,107,8,31,"2024-02-19 00:00:00.000","2024-03-21T12:00:00+00.00","2024-03-21T12:00:00+00.00"
"NPg_Substation_February2024","Northern Powergrid","NPg",148553006,"SEVENTH STREET HORDEN","54.764915, -1.3154537",5,225,NA,225,8,35,"2024-02-19 00:30:00.000","2024-03-21T12:00:00+00.00","2024-03-21T12:00:00+00.00"
"NPg_Substation_February2024","Northern Powergrid","NPg",148553006,"SEVENTH STREET HORDEN","54.764915, -1.3154537",5,153,NA,153,8,46,"2024-02-19 01:00:00.000","2024-03-21T12:00:00+00.00","2024-03-21T12:00:00+00.00"
"NPg_Substation_February2024","Northern Powergrid","NPg",148553006,"SEVENTH STREET HORDEN","54.764915, -1.3154537",5,209,NA,209,8,74,"2024-02-19 01:30:00.000","2024-03-21T12:00:00+00.00","2024-03-21T12:00:00+00.00"
"NPg_Substation_February2024","Northern Powergrid","NPg",148553006,"SEVENTH STREET HORDEN","54.764915, -1.3154537",5,184,NA,184,8,108,"2024-02-19 02:00:00.000","2024-03-21T12:00:00+00.00","2024-03-21T12:00:00+00.00"
"NPg_Substation_February2024","Northern Powergrid","NPg",148553006,"SEVENTH STREET HORDEN","54.764915, -1.3154537",5,166,NA,166,8,106,"2024-02-19 02:30:00.000","2024-03-21T12:00:00+00.00","2024-03-21T12:00:00+00.00"
"NPg_Substation_February2024","Northern Powergrid","NPg",148553006,"SEVENTH STREET HORDEN","54.764915, -1.3154537",5,147,NA,147,8,48,"2024-02-19 03:00:00.000","2024-03-21T12:00:00+00.00","2024-03-21T12:00:00+00.00"
"NPg_Substation_February2024","Northern Powergrid","NPg",148553006,"SEVENTH STREET HORDEN","54.764915, -1.3154537",5,94,NA,94,8,37,"2024-02-19 03:30:00.000","2024-03-21T12:00:00+00.00","2024-03-21T12:00:00+00.00"
"NPg_Substation_February2024","Northern Powergrid","NPg",148553006,"SEVENTH STREET HORDEN","54.764915, -1.3154537",5,243,NA,243,8,29,"2024-02-19 04:00:00.000","2024-03-21T12:00:00+00.00","2024-03-21T12:00:00+00.00"
"NPg_Substation_February2024","Northern Powergrid","NPg",148553006,"SEVENTH STREET HORDEN","54.764915, -1.3154537",5,123,NA,123,8,50,"2024-02-19 04:30:00.000","2024-03-21T12:00:00+00.00","2024-03-21T12:00:00+00.00"
"NPg_Substation_February2024","Northern Powergrid","NPg",148553006,"SEVENTH STREET HORDEN","54.764915, -1.3154537",5,174,NA,174,8,49,"2024-02-19 05:00:00.000","2024-03-21T12:00:00+00.00","2024-03-21T12:00:00+00.00"
"NPg_Substation_February2024","Northern Powergrid","NPg",148553006,"SEVENTH STREET HORDEN","54.764915, -1.3154537",5,87,NA,87,8,33,"2024-02-19 05:30:00.000","2024-03-21T12:00:00+00.00","2024-03-21T12:00:00+00.00"
"NPg_Substation_February2024","Northern Powergrid","NPg",148553006,"SEVENTH STREET HORDEN","54.764915, -1.3154537",5,202,NA,202,8,30,"2024-02-19 06:00:00.000","2024-03-21T12:00:00+00.00","2024-03-21T12:00:00+00.00"
"NPg_Substation_February2024","Northern Powergrid","NPg",148553006,"SEVENTH STREET HORDEN","54.764915, -1.3154537",5,133,NA,133,8,87,"2024-02-19 06:30:00.000","2024-03-21T12:00:00+00.00","2024-03-21T12:00:00+00.00"
"NPg_Substation_February2024","Northern Powergrid","NPg",148553006,"SEVENTH STREET HORDEN","54.764915, -1.3154537",5,257,NA,257,8,153,"2024-02-19 07:00:00.000","2024-03-21T12:00:00+00.00","2024-03-21T12:00:00+00.00"
"NPg_Substation_February2024","Northern Powergrid","NPg",148553006,"SEVENTH STREET HORDEN","54.764915, -1.3154537",5,448,NA,448,8,104,"2024-02-19 07:30:00.000","2024-03-21T12:00:00+00.00","2024-03-21T12:00:00+00.00"
"NPg_Substation_February2024","Northern Powergrid","NPg",148553006,"SEVENTH STREET HORDEN","54.764915, -1.3154537",5,247,NA,247,8,109,"2024-02-19 08:00:00.000","2024-03-21T12:00:00+00.00","2024-03-21T12:00:00+00.00"
"NPg_Substation_February2024","Northern Powergrid","NPg",148553006,"SEVENTH STREET HORDEN","54.764915, -1.3154537",5,147,NA,147,8,84,"2024-02-19 08:30:00.000","2024-03-21T12:00:00+00.00","2024-03-21T12:00:00+00.00"
"NPg_Substation_February2024","Northern Powergrid","NPg",148553006,"SEVENTH STREET HORDEN","54.764915, -1.3154537",5,938,NA,938,8,63,"2024-02-19 09:00:00.000","2024-03-21T12:00:00+00.00","2024-03-21T12:00:00+00.00"
"NPg_Substation_February2024","Northern Powergrid","NPg",148553006,"SEVENTH STREET HORDEN","54.764915, -1.3154537",5,586,NA,586,8,22,"2024-02-19 09:30:00.000","2024-03-21T12:00:00+00.00","2024-03-21T12:00:00+00.00"
"NPg_Substation_February2024","Northern Powergrid","NPg",148553006,"SEVENTH STREET HORDEN","54.764915, -1.3154537",5,603,NA,603,8,135,"2024-02-19 10:00:00.000","2024-03-21T12:00:00+00.00","2024-03-21T12:00:00+00.00"
"NPg_Substation_February2024","Northern Powergrid","NPg",148553006,"SEVENTH STREET HORDEN","54.764915, -1.3154537",5,245,NA,245,8,15,"2024-02-19 10:30:00.000","2024-03-21T12:00:00+00.00","2024-03-21T12:00:00+00.00"
"NPg_Substation_February2024","Northern Powergrid","NPg",148553006,"SEVENTH STREET HORDEN","54.764915, -1.3154537",5,318,NA,318,8,221,"2024-02-19 11:00:00.000","2024-03-21T12:00:00+00.00","2024-03-21T12:00:00+00.00"
"NPg_Substation_February2024","Northern Powergrid","NPg",148553006,"SEVENTH STREET HORDEN","54.764915, -1.3154537",5,376,NA,376,8,138,"2024-02-19 11:30:00.000","2024-03-21T12:00:00+00.00","2024-03-21T12:00:00+00.00"
"NPg_Substation_February2024","Northern Powergrid","NPg",148553006,"SEVENTH STREET HORDEN","54.764915, -1.3154537",5,1202,NA,1202,8,12,"2024-02-19 12:00:00.000","2024-03-21T12:00:00+00.00","2024-03-21T12:00:00+00.00"
"NPg_Substation_February2024","Northern Powergrid","NPg",148553006,"SEVENTH STREET HORDEN","54.764915, -1.3154537",5,869,NA,869,8,108,"2024-02-19 12:30:00.000","2024-03-21T12:00:00+00.00","2024-03-21T12:00:00+00.00"
"NPg_Substation_February2024","Northern Powergrid","NPg",148553006,"SEVENTH STREET HORDEN","54.764915, -1.3154537",5,650,NA,650,8,96,"2024-02-19 13:00:00.000","2024-03-21T12:00:00+00.00","2024-03-21T12:00:00+00.00"
"NPg_Substation_February2024","Northern Powergrid","NPg",148553006,"SEVENTH STREET HORDEN","54.764915, -1.3154537",5,706,NA,706,8,87,"2024-02-19 13:30:00.000","2024-03-21T12:00:00+00.00","2024-03-21T12:00:00+00.00"
"NPg_Substation_February2024","Northern Powergrid","NPg",148553006,"SEVENTH STREET HORDEN","54.764915, -1.3154537",5,1295,NA,1295,8,88,"2024-02-19 14:00:00.000","2024-03-21T12:00:00+00.00","2024-03-21T12:00:00+00.00"
"NPg_Substation_February2024","Northern Powergrid","NPg",148553006,"SEVENTH STREET HORDEN","54.764915, -1.3154537",5,1429,NA,1429,8,94,"2024-02-19 14:30:00.000","2024-03-21T12:00:00+00.00","2024-03-21T12:00:00+00.00"
"NPg_Substation_February2024","Northern Powergrid","NPg",148553006,"SEVENTH STREET HORDEN","54.764915, -1.3154537",5,673,NA,673,8,78,"2024-02-19 15:00:00.000","2024-03-21T12:00:00+00.00","2024-03-21T12:00:00+00.00"
"NPg_Substation_February2024","Northern Powergrid","NPg",148553006,"SEVENTH STREET HORDEN","54.764915, -1.3154537",5,623,NA,623,8,72,"2024-02-19 15:30:00.000","2024-03-21T12:00:00+00.00","2024-03-21T12:00:00+00.00"
"NPg_Substation_February2024","Northern Powergrid","NPg",148553006,"SEVENTH STREET HORDEN","54.764915, -1.3154537",5,555,NA,555,8,66,"2024-02-19 16:00:00.000","2024-03-21T12:00:00+00.00","2024-03-21T12:00:00+00.00"
"NPg_Substation_February2024","Northern Powergrid","NPg",148553006,"SEVENTH STREET HORDEN","54.764915, -1.3154537",5,442,NA,442,8,78,"2024-02-19 16:30:00.000","2024-03-21T12:00:00+00.00","2024-03-21T12:00:00+00.00"
"NPg_Substation_February2024","Northern Powergrid","NPg",148553006,"SEVENTH STREET HORDEN","54.764915, -1.3154537",5,429,NA,429,8,88,"2024-02-19 17:00:00.000","2024-03-21T12:00:00+00.00","2024-03-21T12:00:00+00.00"
"NPg_Substation_February2024","Northern Powergrid","NPg",148553006,"SEVENTH STREET HORDEN","54.764915, -1.3154537",5,440,NA,440,8,111,"2024-02-19 17:30:00.000","2024-03-21T12:00:00+00.00","2024-03-21T12:00:00+00.00"
"NPg_Substation_February2024","Northern Powergrid","NPg",148553006,"SEVENTH STREET HORDEN","54.764915, -1.3154537",5,491,NA,491,8,124,"2024-02-19 18:00:00.000","2024-03-21T12:00:00+00.00","2024-03-21T12:00:00+00.00"
"NPg_Substation_February2024","Northern Powergrid","NPg",148553006,"SEVENTH STREET HORDEN","54.764915, -1.3154537",5,1025,NA,1025,8,171,"2024-02-19 18:30:00.000","2024-03-21T12:00:00+00.00","2024-03-21T12:00:00+00.00"
"NPg_Substation_February2024","Northern Powergrid","NPg",148553006,"SEVENTH STREET HORDEN","54.764915, -1.3154537",5,782,NA,782,8,141,"2024-02-19 19:00:00.000","2024-03-21T12:00:00+00.00","2024-03-21T12:00:00+00.00"
"NPg_Substation_February2024","Northern Powergrid","NPg",148553006,"SEVENTH STREET HORDEN","54.764915, -1.3154537",5,921,NA,921,8,155,"2024-02-19 19:30:00.000","2024-03-21T12:00:00+00.00","2024-03-21T12:00:00+00.00"
"NPg_Substation_February2024","Northern Powergrid","NPg",148553006,"SEVENTH STREET HORDEN","54.764915, -1.3154537",5,972,NA,972,8,242,"2024-02-19 20:00:00.000","2024-03-21T12:00:00+00.00","2024-03-21T12:00:00+00.00"
"NPg_Substation_February2024","Northern Powergrid","NPg",148553006,"SEVENTH STREET HORDEN","54.764915, -1.3154537",5,466,NA,466,8,55,"2024-02-19 20:30:00.000","2024-03-21T12:00:00+00.00","2024-03-21T12:00:00+00.00"
"NPg_Substation_February2024","Northern Powergrid","NPg",148553006,"SEVENTH STREET HORDEN","54.764915, -1.3154537",5,189,NA,189,8,27,"2024-02-19 21:00:00.000","2024-03-21T12:00:00+00.00","2024-03-21T12:00:00+00.00"
"NPg_Substation_February2024","Northern Powergrid","NPg",148553006,"SEVENTH STREET HORDEN","54.764915, -1.3154537",5,186,NA,186,8,59,"2024-02-19 21:30:00.000","2024-03-21T12:00:00+00.00","2024-03-21T12:00:00+00.00"
"NPg_Substation_February2024","Northern Powergrid","NPg",148553006,"SEVENTH STREET HORDEN","54.764915, -1.3154537",5,266,NA,266,8,22,"2024-02-19 22:00:00.000","2024-03-21T12:00:00+00.00","2024-03-21T12:00:00+00.00"
"NPg_Substation_February2024","Northern Powergrid","NPg",148553006,"SEVENTH STREET HORDEN","54.764915, -1.3154537",5,154,NA,154,8,55,"2024-02-19 22:30:00.000","2024-03-21T12:00:00+00.00","2024-03-21T12:00:00+00.00"
"NPg_Substation_February2024","Northern Powergrid","NPg",148553006,"SEVENTH STREET HORDEN","54.764915, -1.3154537",5,177,NA,177,8,39,"2024-02-19 23:00:00.000","2024-03-21T12:00:00+00.00","2024-03-21T12:00:00+00.00"
"NPg_Substation_February2024","Northern Powergrid","NPg",148553006,"SEVENTH STREET HORDEN","54.764915, -1.3154537",5,192,NA,192,8,59,"2024-02-19 23:30:00.000","2024-03-21T12:00:00+00.00","2024-03-21T12:00:00+00.00"
"NPg_Substation_February2024","Northern Powergrid","NPg",148553006,"SEVENTH STREET HORDEN","54.764915, -1.3154537",5,160,NA,160,8,49,"2024-02-20 00:00:00.000","2024-03-21T12:00:00+00.00","2024-03-21T12:00:00+00.00"
"NPg_Substation_February2024","Northern Powergrid","NPg",148553006,"SEVENTH STREET HORDEN","54.764915, -1.3154537",5,122,NA,122,8,30,"2024-02-20 00:30:00.000","2024-03-21T12:00:00+00.00","2024-03-21T12:00:00+00.00"
"NPg_Substation_February2024","Northern Powergrid","NPg",148553006,"SEVENTH STREET HORDEN","54.764915, -1.3154537",5,123,NA,123,8,46,"2024-02-20 01:00:00.000","2024-03-21T12:00:00+00.00","2024-03-21T12:00:00+00.00"
"NPg_Substation_February2024","Northern Powergrid","NPg",148553006,"SEVENTH STREET HORDEN","54.764915, -1.3154537",5,129,NA,129,8,55,"2024-02-20 01:30:00.000","2024-03-21T12:00:00+00.00","2024-03-21T12:00:00+00.00"
"NPg_Substation_February2024","Northern Powergrid","NPg",148553006,"SEVENTH STREET HORDEN","54.764915, -1.3154537",5,209,NA,209,8,96,"2024-02-20 02:00:00.000","2024-03-21T12:00:00+00.00","2024-03-21T12:00:00+00.00"
"NPg_Substation_February2024","Northern Powergrid","NPg",148553006,"SEVENTH STREET HORDEN","54.764915, -1.3154537",5,199,NA,199,8,108,"2024-02-20 02:30:00.000","2024-03-21T12:00:00+00.00","2024-03-21T12:00:00+00.00"
"NPg_Substation_February2024","Northern Powergrid","NPg",148553006,"SEVENTH STREET HORDEN","54.764915, -1.3154537",5,189,NA,189,8,114,"2024-02-20 03:00:00.000","2024-03-21T12:00:00+00.00","2024-03-21T12:00:00+00.00"
"NPg_Substation_February2024","Northern Powergrid","NPg",148553006,"SEVENTH STREET HORDEN","54.764915, -1.3154537",5,202,NA,202,8,101,"2024-02-20 03:30:00.000","2024-03-21T12:00:00+00.00","2024-03-21T12:00:00+00.00"
"NPg_Substation_February2024","Northern Powergrid","NPg",148553006,"SEVENTH STREET HORDEN","54.764915, -1.3154537",5,178,NA,178,8,38,"2024-02-20 04:00:00.000","2024-03-21T12:00:00+00.00","2024-03-21T12:00:00+00.00"
"NPg_Substation_February2024","Northern Powergrid","NPg",148553006,"SEVENTH STREET HORDEN","54.764915, -1.3154537",5,103,NA,103,8,37,"2024-02-20 04:30:00.000","2024-03-21T12:00:00+00.00","2024-03-21T12:00:00+00.00"
"NPg_Substation_February2024","Northern Powergrid","NPg",148553006,"SEVENTH STREET HORDEN","54.764915, -1.3154537",5,268,NA,268,8,61,"2024-02-20 05:00:00.000","2024-03-21T12:00:00+00.00","2024-03-21T12:00:00+00.00"
"NPg_Substation_February2024","Northern Powergrid","NPg",148553006,"SEVENTH STREET HORDEN","54.764915, -1.3154537",5,958,NA,958,8,29,"2024-02-20 05:30:00.000","2024-03-21T12:00:00+00.00","2024-03-21T12:00:00+00.00"
"NPg_Substation_February2024","Northern Powergrid","NPg",148553006,"SEVENTH STREET HORDEN","54.764915, -1.3154537",5,732,NA,732,8,26,"2024-02-20 06:00:00.000","2024-03-21T12:00:00+00.00","2024-03-21T12:00:00+00.00"
"NPg_Substation_February2024","Northern Powergrid","NPg",148553006,"SEVENTH STREET HORDEN","54.764915, -1.3154537",5,719,NA,719,8,29,"2024-02-20 06:30:00.000","2024-03-21T12:00:00+00.00","2024-03-21T12:00:00+00.00"
"NPg_Substation_February2024","Northern Powergrid","NPg",148553006,"SEVENTH STREET HORDEN","54.764915, -1.3154537",5,329,NA,329,8,62,"2024-02-20 07:00:00.000","2024-03-21T12:00:00+00.00","2024-03-21T12:00:00+00.00"
"NPg_Substation_February2024","Northern Powergrid","NPg",148553006,"SEVENTH STREET HORDEN","54.764915, -1.3154537",5,190,NA,190,8,45,"2024-02-20 07:30:00.000","2024-03-21T12:00:00+00.00","2024-03-21T12:00:00+00.00"
"NPg_Substation_February2024","Northern Powergrid","NPg",148553006,"SEVENTH STREET HORDEN","54.764915, -1.3154537",5,297,NA,297,8,39,"2024-02-20 08:00:00.000","2024-03-21T12:00:00+00.00","2024-03-21T12:00:00+00.00"
"NPg_Substation_February2024","Northern Powergrid","NPg",148553006,"SEVENTH STREET HORDEN","54.764915, -1.3154537",5,156,NA,156,8,3,"2024-02-20 08:30:00.000","2024-03-21T12:00:00+00.00","2024-03-21T12:00:00+00.00"
"NPg_Substation_February2024","Northern Powergrid","NPg",148553006,"SEVENTH STREET HORDEN","54.764915, -1.3154537",5,172,NA,172,8,9,"2024-02-20 09:00:00.000","2024-03-21T12:00:00+00.00","2024-03-21T12:00:00+00.00"
"NPg_Substation_February2024","Northern Powergrid","NPg",148553006,"SEVENTH STREET HORDEN","54.764915, -1.3154537",5,209,NA,209,8,60,"2024-02-20 09:30:00.000","2024-03-21T12:00:00+00.00","2024-03-21T12:00:00+00.00"
"NPg_Substation_February2024","Northern Powergrid","NPg",148553006,"SEVENTH STREET HORDEN","54.764915, -1.3154537",5,303,NA,303,8,71,"2024-02-20 10:00:00.000","2024-03-21T12:00:00+00.00","2024-03-21T12:00:00+00.00"
"NPg_Substation_February2024","Northern Powergrid","NPg",148553006,"SEVENTH STREET HORDEN","54.764915, -1.3154537",5,1962,NA,1962,8,70,"2024-02-20 10:30:00.000","2024-03-21T12:00:00+00.00","2024-03-21T12:00:00+00.00"
"NPg_Substation_February2024","Northern Powergrid","NPg",148553006,"SEVENTH STREET HORDEN","54.764915, -1.3154537",5,271,NA,271,8,78,"2024-02-20 11:00:00.000","2024-03-21T12:00:00+00.00","2024-03-21T12:00:00+00.00"
"NPg_Substation_February2024","Northern Powergrid","NPg",148553006,"SEVENTH STREET HORDEN","54.764915, -1.3154537",5,283,NA,283,8,73,"2024-02-20 11:30:00.000","2024-03-21T12:00:00+00.00","2024-03-21T12:00:00+00.00"
"NPg_Substation_February2024","Northern Powergrid","NPg",148553006,"SEVENTH STREET HORDEN","54.764915, -1.3154537",5,659,NA,659,8,69,"2024-02-20 12:00:00.000","2024-03-21T12:00:00+00.00","2024-03-21T12:00:00+00.00"
"NPg_Substation_February2024","Northern Powergrid","NPg",148553006,"SEVENTH STREET HORDEN","54.764915, -1.3154537",5,1274,NA,1274,8,75,"2024-02-20 12:30:00.000","2024-03-21T12:00:00+00.00","2024-03-21T12:00:00+00.00"
"NPg_Substation_February2024","Northern Powergrid","NPg",148553006,"SEVENTH STREET HORDEN","54.764915, -1.3154537",5,1163,NA,1163,8,26,"2024-02-20 13:00:00.000","2024-03-21T12:00:00+00.00","2024-03-21T12:00:00+00.00"
"NPg_Substation_February2024","Northern Powergrid","NPg",148553006,"SEVENTH STREET HORDEN","54.764915, -1.3154537",5,638,NA,638,8,1,"2024-02-20 13:30:00.000","2024-03-21T12:00:00+00.00","2024-03-21T12:00:00+00.00"
"NPg_Substation_February2024","Northern Powergrid","NPg",148553006,"SEVENTH STREET HORDEN","54.764915, -1.3154537",5,262,NA,262,8,7,"2024-02-20 14:00:00.000","2024-03-21T12:00:00+00.00","2024-03-21T12:00:00+00.00"
"NPg_Substation_February2024","Northern Powergrid","NPg",148553006,"SEVENTH STREET HORDEN","54.764915, -1.3154537",5,140,NA,140,8,5,"2024-02-20 14:30:00.000","2024-03-21T12:00:00+00.00","2024-03-21T12:00:00+00.00"
"NPg_Substation_February2024","Northern Powergrid","NPg",148553006,"SEVENTH STREET HORDEN","54.764915, -1.3154537",5,405,NA,405,8,113,"2024-02-20 15:00:00.000","2024-03-21T12:00:00+00.00","2024-03-21T12:00:00+00.00"
"NPg_Substation_February2024","Northern Powergrid","NPg",148553006,"SEVENTH STREET HORDEN","54.764915, -1.3154537",5,432,NA,432,8,87,"2024-02-20 15:30:00.000","2024-03-21T12:00:00+00.00","2024-03-21T12:00:00+00.00"
"NPg_Substation_February2024","Northern Powergrid","NPg",148553006,"SEVENTH STREET HORDEN","54.764915, -1.3154537",5,779,NA,779,8,186,"2024-02-20 16:00:00.000","2024-03-21T12:00:00+00.00","2024-03-21T12:00:00+00.00"
"NPg_Substation_February2024","Northern Powergrid","NPg",148553006,"SEVENTH STREET HORDEN","54.764915, -1.3154537",5,541,NA,541,8,63,"2024-02-20 16:30:00.000","2024-03-21T12:00:00+00.00","2024-03-21T12:00:00+00.00"
"NPg_Substation_February2024","Northern Powergrid","NPg",148553006,"SEVENTH STREET HORDEN","54.764915, -1.3154537",5,434,NA,434,8,22,"2024-02-20 17:00:00.000","2024-03-21T12:00:00+00.00","2024-03-21T12:00:00+00.00"
"NPg_Substation_February2024","Northern Powergrid","NPg",148553006,"SEVENTH STREET HORDEN","54.764915, -1.3154537",5,295,NA,295,8,47,"2024-02-20 17:30:00.000","2024-03-21T12:00:00+00.00","2024-03-21T12:00:00+00.00"
"NPg_Substation_February2024","Northern Powergrid","NPg",148553006,"SEVENTH STREET HORDEN","54.764915, -1.3154537",5,328,NA,328,8,109,"2024-02-20 18:00:00.000","2024-03-21T12:00:00+00.00","2024-03-21T12:00:00+00.00"
"NPg_Substation_February2024","Northern Powergrid","NPg",148553006,"SEVENTH STREET HORDEN","54.764915, -1.3154537",5,327,NA,327,8,86,"2024-02-20 18:30:00.000","2024-03-21T12:00:00+00.00","2024-03-21T12:00:00+00.00"
"NPg_Substation_February2024","Northern Powergrid","NPg",148553006,"SEVENTH STREET HORDEN","54.764915, -1.3154537",5,216,NA,216,8,112,"2024-02-20 19:00:00.000","2024-03-21T12:00:00+00.00","2024-03-21T12:00:00+00.00"
"NPg_Substation_February2024","Northern Powergrid","NPg",148553006,"SEVENTH STREET HORDEN","54.764915, -1.3154537",5,473,NA,473,8,122,"2024-02-20 19:30:00.000","2024-03-21T12:00:00+00.00","2024-03-21T12:00:00+00.00"
"NPg_Substation_February2024","Northern Powergrid","NPg",148553006,"SEVENTH STREET HORDEN","54.764915, -1.3154537",5,367,NA,367,8,148,"2024-02-20 20:00:00.000","2024-03-21T12:00:00+00.00","2024-03-21T12:00:00+00.00"
"NPg_Substation_February2024","Northern Powergrid","NPg",148553006,"SEVENTH STREET HORDEN","54.764915, -1.3154537",5,309,NA,309,8,124,"2024-02-20 20:30:00.000","2024-03-21T12:00:00+00.00","2024-03-21T12:00:00+00.00"
"NPg_Substation_February2024","Northern Powergrid","NPg",148553006,"SEVENTH STREET HORDEN","54.764915, -1.3154537",5,1518,NA,1518,8,80,"2024-02-20 21:00:00.000","2024-03-21T12:00:00+00.00","2024-03-21T12:00:00+00.00"
"NPg_Substation_February2024","Northern Powergrid","NPg",148553006,"SEVENTH STREET HORDEN","54.764915, -1.3154537",5,1773,NA,1773,8,54,"2024-02-20 21:30:00.000","2024-03-21T12:00:00+00.00","2024-03-21T12:00:00+00.00"
"NPg_Substation_February2024","Northern Powergrid","NPg",148553006,"SEVENTH STREET HORDEN","54.764915, -1.3154537",5,290,NA,290,8,37,"2024-02-20 22:00:00.000","2024-03-21T12:00:00+00.00","2024-03-21T12:00:00+00.00"
"NPg_Substation_February2024","Northern Powergrid","NPg",148553006,"SEVENTH STREET HORDEN","54.764915, -1.3154537",5,220,NA,220,8,50,"2024-02-20 22:30:00.000","2024-03-21T12:00:00+00.00","2024-03-21T12:00:00+00.00"
"NPg_Substation_February2024","Northern Powergrid","NPg",148553006,"SEVENTH STREET HORDEN","54.764915, -1.3154537",5,172,NA,172,8,37,"2024-02-20 23:00:00.000","2024-03-21T12:00:00+00.00","2024-03-21T12:00:00+00.00"
"NPg_Substation_February2024","Northern Powergrid","NPg",148553006,"SEVENTH STREET HORDEN","54.764915, -1.3154537",5,194,NA,194,8,30,"2024-02-20 23:30:00.000","2024-03-21T12:00:00+00.00","2024-03-21T12:00:00+00.00"
"NPg_Substation_February2024","Northern Powergrid","NPg",148553006,"SEVENTH STREET HORDEN","54.764915, -1.3154537",5,236,NA,236,8,37,"2024-02-21 00:00:00.000","2024-03-21T12:00:00+00.00","2024-03-21T12:00:00+00.00"
"NPg_Substation_February2024","Northern Powergrid","NPg",148553006,"SEVENTH STREET HORDEN","54.764915, -1.3154537",5,174,NA,174,8,55,"2024-02-21 00:30:00.000","2024-03-21T12:00:00+00.00","2024-03-21T12:00:00+00.00"
"NPg_Substation_February2024","Northern Powergrid","NPg",148553006,"SEVENTH STREET HORDEN","54.764915, -1.3154537",5,155,NA,155,8,48,"2024-02-21 01:00:00.000","2024-03-21T12:00:00+00.00","2024-03-21T12:00:00+00.00"
"NPg_Substation_February2024","Northern Powergrid","NPg",148553006,"SEVENTH STREET HORDEN","54.764915, -1.3154537",5,276,NA,276,8,85,"2024-02-21 01:30:00.000","2024-03-21T12:00:00+00.00","2024-03-21T12:00:00+00.00"
"NPg_Substation_February2024","Northern Powergrid","NPg",148553006,"SEVENTH STREET HORDEN","54.764915, -1.3154537",5,252,NA,252,8,112,"2024-02-21 02:00:00.000","2024-03-21T12:00:00+00.00","2024-03-21T12:00:00+00.00"
"NPg_Substation_February2024","Northern Powergrid","NPg",148553006,"SEVENTH STREET HORDEN","54.764915, -1.3154537",5,197,NA,197,8,119,"2024-02-21 02:30:00.000","2024-03-21T12:00:00+00.00","2024-03-21T12:00:00+00.00"
"NPg_Substation_February2024","Northern Powergrid","NPg",148553006,"SEVENTH STREET HORDEN","54.764915, -1.3154537",5,223,NA,223,8,97,"2024-02-21 03:00:00.000","2024-03-21T12:00:00+00.00","2024-03-21T12:00:00+00.00"
"NPg_Substation_February2024","Northern Powergrid","NPg",148553006,"SEVENTH STREET HORDEN","54.764915, -1.3154537",5,208,NA,208,8,40,"2024-02-21 03:30:00.000","2024-03-21T12:00:00+00.00","2024-03-21T12:00:00+00.00"
"NPg_Substation_February2024","Northern Powergrid","NPg",148553006,"SEVENTH STREET HORDEN","54.764915, -1.3154537",5,213,NA,213,8,31,"2024-02-21 04:00:00.000","2024-03-21T12:00:00+00.00","2024-03-21T12:00:00+00.00"
"NPg_Substation_February2024","Northern Powergrid","NPg",148553006,"SEVENTH STREET HORDEN","54.764915, -1.3154537",5,596,NA,596,8,38,"2024-02-21 04:30:00.000","2024-03-21T12:00:00+00.00","2024-03-21T12:00:00+00.00"
"NPg_Substation_February2024","Northern Powergrid","NPg",148553006,"SEVENTH STREET HORDEN","54.764915, -1.3154537",5,155,NA,155,8,61,"2024-02-21 05:00:00.000","2024-03-21T12:00:00+00.00","2024-03-21T12:00:00+00.00"
"NPg_Substation_February2024","Northern Powergrid","NPg",148553006,"SEVENTH STREET HORDEN","54.764915, -1.3154537",5,166,NA,166,8,39,"2024-02-21 05:30:00.000","2024-03-21T12:00:00+00.00","2024-03-21T12:00:00+00.00"
"NPg_Substation_February2024","Northern Powergrid","NPg",148553006,"SEVENTH STREET HORDEN","54.764915, -1.3154537",5,164,NA,164,8,43,"2024-02-21 06:00:00.000","2024-03-21T12:00:00+00.00","2024-03-21T12:00:00+00.00"
"NPg_Substation_February2024","Northern Powergrid","NPg",148553006,"SEVENTH STREET HORDEN","54.764915, -1.3154537",5,185,NA,185,8,46,"2024-02-21 06:30:00.000","2024-03-21T12:00:00+00.00","2024-03-21T12:00:00+00.00"
"NPg_Substation_February2024","Northern Powergrid","NPg",148553006,"SEVENTH STREET HORDEN","54.764915, -1.3154537",5,150,NA,150,8,59,"2024-02-21 07:00:00.000","2024-03-21T12:00:00+00.00","2024-03-21T12:00:00+00.00"
"NPg_Substation_February2024","Northern Powergrid","NPg",148553006,"SEVENTH STREET HORDEN","54.764915, -1.3154537",5,328,NA,328,8,85,"2024-02-21 07:30:00.000","2024-03-21T12:00:00+00.00","2024-03-21T12:00:00+00.00"
"NPg_Substation_February2024","Northern Powergrid","NPg",148553006,"SEVENTH STREET HORDEN","54.764915, -1.3154537",5,294,NA,294,8,105,"2024-02-21 08:00:00.000","2024-03-21T12:00:00+00.00","2024-03-21T12:00:00+00.00"
"NPg_Substation_February2024","Northern Powergrid","NPg",148553006,"SEVENTH STREET HORDEN","54.764915, -1.3154537",5,873,NA,873,8,99,"2024-02-21 08:30:00.000","2024-03-21T12:00:00+00.00","2024-03-21T12:00:00+00.00"
"NPg_Substation_February2024","Northern Powergrid","NPg",148553006,"SEVENTH STREET HORDEN","54.764915, -1.3154537",5,1382,NA,1382,8,113,"2024-02-21 09:00:00.000","2024-03-21T12:00:00+00.00","2024-03-21T12:00:00+00.00"
"NPg_Substation_February2024","Northern Powergrid","NPg",148553006,"SEVENTH STREET HORDEN","54.764915, -1.3154537",5,233,NA,233,8,62,"2024-02-21 09:30:00.000","2024-03-21T12:00:00+00.00","2024-03-21T12:00:00+00.00"
"NPg_Substation_February2024","Northern Powergrid","NPg",148553006,"SEVENTH STREET HORDEN","54.764915, -1.3154537",5,153,NA,153,8,20,"2024-02-21 10:00:00.000","2024-03-21T12:00:00+00.00","2024-03-21T12:00:00+00.00"
"NPg_Substation_February2024","Northern Powergrid","NPg",148553006,"SEVENTH STREET HORDEN","54.764915, -1.3154537",5,125,NA,125,8,24,"2024-02-21 10:30:00.000","2024-03-21T12:00:00+00.00","2024-03-21T12:00:00+00.00"
"NPg_Substation_February2024","Northern Powergrid","NPg",148553006,"SEVENTH STREET HORDEN","54.764915, -1.3154537",5,139,NA,139,8,28,"2024-02-21 11:00:00.000","2024-03-21T12:00:00+00.00","2024-03-21T12:00:00+00.00"
"NPg_Substation_February2024","Northern Powergrid","NPg",148553006,"SEVENTH STREET HORDEN","54.764915, -1.3154537",5,946,NA,946,8,162,"2024-02-21 11:30:00.000","2024-03-21T12:00:00+00.00","2024-03-21T12:00:00+00.00"
"NPg_Substation_February2024","Northern Powergrid","NPg",148553006,"SEVENTH STREET HORDEN","54.764915, -1.3154537",5,170,NA,170,8,6,"2024-02-21 12:00:00.000","2024-03-21T12:00:00+00.00","2024-03-21T12:00:00+00.00"
"NPg_Substation_February2024","Northern Powergrid","NPg",148553006,"SEVENTH STREET HORDEN","54.764915, -1.3154537",5,141,NA,141,8,1,"2024-02-21 12:30:00.000","2024-03-21T12:00:00+00.00","2024-03-21T12:00:00+00.00"
"NPg_Substation_February2024","Northern Powergrid","NPg",148553006,"SEVENTH STREET HORDEN","54.764915, -1.3154537",5,315,NA,315,8,7,"2024-02-21 13:00:00.000","2024-03-21T12:00:00+00.00","2024-03-21T12:00:00+00.00"
"NPg_Substation_February2024","Northern Powergrid","NPg",148553006,"SEVENTH STREET HORDEN","54.764915, -1.3154537",5,152,NA,152,8,26,"2024-02-21 13:30:00.000","2024-03-21T12:00:00+00.00","2024-03-21T12:00:00+00.00"
"NPg_Substation_February2024","Northern Powergrid","NPg",148553006,"SEVENTH STREET HORDEN","54.764915, -1.3154537",5,179,NA,179,8,68,"2024-02-21 14:00:00.000","2024-03-21T12:00:00+00.00","2024-03-21T12:00:00+00.00"
"NPg_Substation_February2024","Northern Powergrid","NPg",148553006,"SEVENTH STREET HORDEN","54.764915, -1.3154537",5,161,NA,161,8,167,"2024-02-21 14:30:00.000","2024-03-21T12:00:00+00.00","2024-03-21T12:00:00+00.00"
"NPg_Substation_February2024","Northern Powergrid","NPg",148553006,"SEVENTH STREET HORDEN","54.764915, -1.3154537",5,146,NA,146,8,180,"2024-02-21 15:00:00.000","2024-03-21T12:00:00+00.00","2024-03-21T12:00:00+00.00"
"NPg_Substation_February2024","Northern Powergrid","NPg",148553006,"SEVENTH STREET HORDEN","54.764915, -1.3154537",5,134,NA,134,8,120,"2024-02-21 15:30:00.000","2024-03-21T12:00:00+00.00","2024-03-21T12:00:00+00.00"
"NPg_Substation_February2024","Northern Powergrid","NPg",148553006,"SEVENTH STREET HORDEN","54.764915, -1.3154537",5,155,NA,155,8,9,"2024-02-21 16:00:00.000","2024-03-21T12:00:00+00.00","2024-03-21T12:00:00+00.00"
"NPg_Substation_February2024","Northern Powergrid","NPg",148553006,"SEVENTH STREET HORDEN","54.764915, -1.3154537",5,126,NA,126,8,5,"2024-02-21 16:30:00.000","2024-03-21T12:00:00+00.00","2024-03-21T12:00:00+00.00"
"NPg_Substation_February2024","Northern Powergrid","NPg",148553006,"SEVENTH STREET HORDEN","54.764915, -1.3154537",5,99,NA,99,8,10,"2024-02-21 17:00:00.000","2024-03-21T12:00:00+00.00","2024-03-21T12:00:00+00.00"
"NPg_Substation_February2024","Northern Powergrid","NPg",148553006,"SEVENTH STREET HORDEN","54.764915, -1.3154537",5,118,NA,118,8,28,"2024-02-21 17:30:00.000","2024-03-21T12:00:00+00.00","2024-03-21T12:00:00+00.00"
"NPg_Substation_February2024","Northern Powergrid","NPg",148553006,"SEVENTH STREET HORDEN","54.764915, -1.3154537",5,287,NA,287,8,38,"2024-02-21 18:00:00.000","2024-03-21T12:00:00+00.00","2024-03-21T12:00:00+00.00"
"NPg_Substation_February2024","Northern Powergrid","NPg",148553006,"SEVENTH STREET HORDEN","54.764915, -1.3154537",5,184,NA,184,8,45,"2024-02-21 18:30:00.000","2024-03-21T12:00:00+00.00","2024-03-21T12:00:00+00.00"
"NPg_Substation_February2024","Northern Powergrid","NPg",148553006,"SEVENTH STREET HORDEN","54.764915, -1.3154537",5,198,NA,198,8,67,"2024-02-21 19:00:00.000","2024-03-21T12:00:00+00.00","2024-03-21T12:00:00+00.00"
"NPg_Substation_February2024","Northern Powergrid","NPg",148553006,"SEVENTH STREET HORDEN","54.764915, -1.3154537",5,1244,NA,1244,8,93,"2024-02-21 19:30:00.000","2024-03-21T12:00:00+00.00","2024-03-21T12:00:00+00.00"
"NPg_Substation_February2024","Northern Powergrid","NPg",148553006,"SEVENTH STREET HORDEN","54.764915, -1.3154537",5,1185,NA,1185,8,113,"2024-02-21 20:00:00.000","2024-03-21T12:00:00+00.00","2024-03-21T12:00:00+00.00"
"NPg_Substation_February2024","Northern Powergrid","NPg",148553006,"SEVENTH STREET HORDEN","54.764915, -1.3154537",5,488,NA,488,8,170,"2024-02-21 20:30:00.000","2024-03-21T12:00:00+00.00","2024-03-21T12:00:00+00.00"
"NPg_Substation_February2024","Northern Powergrid","NPg",148553006,"SEVENTH STREET HORDEN","54.764915, -1.3154537",5,316,NA,316,8,152,"2024-02-21 21:00:00.000","2024-03-21T12:00:00+00.00","2024-03-21T12:00:00+00.00"
"NPg_Substation_February2024","Northern Powergrid","NPg",148553006,"SEVENTH STREET HORDEN","54.764915, -1.3154537",5,382,NA,382,8,97,"2024-02-21 21:30:00.000","2024-03-21T12:00:00+00.00","2024-03-21T12:00:00+00.00"
"NPg_Substation_February2024","Northern Powergrid","NPg",148553006,"SEVENTH STREET HORDEN","54.764915, -1.3154537",5,342,NA,342,8,110,"2024-02-21 22:00:00.000","2024-03-21T12:00:00+00.00","2024-03-21T12:00:00+00.00"
"NPg_Substation_February2024","Northern Powergrid","NPg",148553006,"SEVENTH STREET HORDEN","54.764915, -1.3154537",5,338,NA,338,8,102,"2024-02-21 22:30:00.000","2024-03-21T12:00:00+00.00","2024-03-21T12:00:00+00.00"
"NPg_Substation_February2024","Northern Powergrid","NPg",148553006,"SEVENTH STREET HORDEN","54.764915, -1.3154537",5,336,NA,336,8,106,"2024-02-21 23:00:00.000","2024-03-21T12:00:00+00.00","2024-03-21T12:00:00+00.00"
"NPg_Substation_February2024","Northern Powergrid","NPg",148553006,"SEVENTH STREET HORDEN","54.764915, -1.3154537",5,322,NA,322,8,74,"2024-02-21 23:30:00.000","2024-03-21T12:00:00+00.00","2024-03-21T12:00:00+00.00"
"NPg_Substation_February2024","Northern Powergrid","NPg",148553006,"SEVENTH STREET HORDEN","54.764915, -1.3154537",5,239,NA,239,8,41,"2024-02-22 00:00:00.000","2024-03-21T12:00:00+00.00","2024-03-21T12:00:00+00.00"
"NPg_Substation_February2024","Northern Powergrid","NPg",148553006,"SEVENTH STREET HORDEN","54.764915, -1.3154537",5,177,NA,177,8,47,"2024-02-22 00:30:00.000","2024-03-21T12:00:00+00.00","2024-03-21T12:00:00+00.00"
"NPg_Substation_February2024","Northern Powergrid","NPg",148553006,"SEVENTH STREET HORDEN","54.764915, -1.3154537",5,164,NA,164,8,72,"2024-02-22 01:00:00.000","2024-03-21T12:00:00+00.00","2024-03-21T12:00:00+00.00"
"NPg_Substation_February2024","Northern Powergrid","NPg",148553006,"SEVENTH STREET HORDEN","54.764915, -1.3154537",5,179,NA,179,8,61,"2024-02-22 01:30:00.000","2024-03-21T12:00:00+00.00","2024-03-21T12:00:00+00.00"
"NPg_Substation_February2024","Northern Powergrid","NPg",148553006,"SEVENTH STREET HORDEN","54.764915, -1.3154537",5,191,NA,191,8,58,"2024-02-22 02:00:00.000","2024-03-21T12:00:00+00.00","2024-03-21T12:00:00+00.00"
"NPg_Substation_February2024","Northern Powergrid","NPg",148553006,"SEVENTH STREET HORDEN","54.764915, -1.3154537",5,233,NA,233,8,61,"2024-02-22 02:30:00.000","2024-03-21T12:00:00+00.00","2024-03-21T12:00:00+00.00"
"NPg_Substation_February2024","Northern Powergrid","NPg",148553006,"SEVENTH STREET HORDEN","54.764915, -1.3154537",5,158,NA,158,8,42,"2024-02-22 03:00:00.000","2024-03-21T12:00:00+00.00","2024-03-21T12:00:00+00.00"
"NPg_Substation_February2024","Northern Powergrid","NPg",148553006,"SEVENTH STREET HORDEN","54.764915, -1.3154537",5,135,NA,135,8,83,"2024-02-22 03:30:00.000","2024-03-21T12:00:00+00.00","2024-03-21T12:00:00+00.00"
"NPg_Substation_February2024","Northern Powergrid","NPg",148553006,"SEVENTH STREET HORDEN","54.764915, -1.3154537",5,178,NA,178,8,148,"2024-02-22 04:00:00.000","2024-03-21T12:00:00+00.00","2024-03-21T12:00:00+00.00"
"NPg_Substation_February2024","Northern Powergrid","NPg",148553006,"SEVENTH STREET HORDEN","54.764915, -1.3154537",5,202,NA,202,8,147,"2024-02-22 04:30:00.000","2024-03-21T12:00:00+00.00","2024-03-21T12:00:00+00.00"
"NPg_Substation_February2024","Northern Powergrid","NPg",148553006,"SEVENTH STREET HORDEN","54.764915, -1.3154537",5,243,NA,243,8,109,"2024-02-22 05:00:00.000","2024-03-21T12:00:00+00.00","2024-03-21T12:00:00+00.00"
"NPg_Substation_February2024","Northern Powergrid","NPg",148553006,"SEVENTH STREET HORDEN","54.764915, -1.3154537",5,146,NA,146,8,44,"2024-02-22 05:30:00.000","2024-03-21T12:00:00+00.00","2024-03-21T12:00:00+00.00"
"NPg_Substation_February2024","Northern Powergrid","NPg",148553006,"SEVENTH STREET HORDEN","54.764915, -1.3154537",5,169,NA,169,8,93,"2024-02-22 06:00:00.000","2024-03-21T12:00:00+00.00","2024-03-21T12:00:00+00.00"
"NPg_Substation_February2024","Northern Powergrid","NPg",148553006,"SEVENTH STREET HORDEN","54.764915, -1.3154537",5,285,NA,285,8,104,"2024-02-22 06:30:00.000","2024-03-21T12:00:00+00.00","2024-03-21T12:00:00+00.00"
"NPg_Substation_February2024","Northern Powergrid","NPg",148553006,"SEVENTH STREET HORDEN","54.764915, -1.3154537",5,219,NA,219,8,75,"2024-02-22 07:00:00.000","2024-03-21T12:00:00+00.00","2024-03-21T12:00:00+00.00"
"NPg_Substation_February2024","Northern Powergrid","NPg",148553006,"SEVENTH STREET HORDEN","54.764915, -1.3154537",5,201,NA,201,8,71,"2024-02-22 07:30:00.000","2024-03-21T12:00:00+00.00","2024-03-21T12:00:00+00.00"
"NPg_Substation_February2024","Northern Powergrid","NPg",148553006,"SEVENTH STREET HORDEN","54.764915, -1.3154537",5,690,NA,690,8,124,"2024-02-22 08:00:00.000","2024-03-21T12:00:00+00.00","2024-03-21T12:00:00+00.00"
"NPg_Substation_February2024","Northern Powergrid","NPg",148553006,"SEVENTH STREET HORDEN","54.764915, -1.3154537",5,693,NA,693,8,134,"2024-02-22 08:30:00.000","2024-03-21T12:00:00+00.00","2024-03-21T12:00:00+00.00"
"NPg_Substation_February2024","Northern Powergrid","NPg",148553006,"SEVENTH STREET HORDEN","54.764915, -1.3154537",5,571,NA,571,8,127,"2024-02-22 09:00:00.000","2024-03-21T12:00:00+00.00","2024-03-21T12:00:00+00.00"
"NPg_Substation_February2024","Northern Powergrid","NPg",148553006,"SEVENTH STREET HORDEN","54.764915, -1.3154537",5,446,NA,446,8,235,"2024-02-22 09:30:00.000","2024-03-21T12:00:00+00.00","2024-03-21T12:00:00+00.00"
"NPg_Substation_February2024","Northern Powergrid","NPg",148553006,"SEVENTH STREET HORDEN","54.764915, -1.3154537",5,136,NA,136,8,37,"2024-02-22 10:00:00.000","2024-03-21T12:00:00+00.00","2024-03-21T12:00:00+00.00"
"NPg_Substation_February2024","Northern Powergrid","NPg",148553006,"SEVENTH STREET HORDEN","54.764915, -1.3154537",5,229,NA,229,8,11,"2024-02-22 10:30:00.000","2024-03-21T12:00:00+00.00","2024-03-21T12:00:00+00.00"
"NPg_Substation_February2024","Northern Powergrid","NPg",148553006,"SEVENTH STREET HORDEN","54.764915, -1.3154537",5,174,NA,174,8,10,"2024-02-22 11:00:00.000","2024-03-21T12:00:00+00.00","2024-03-21T12:00:00+00.00"
"NPg_Substation_February2024","Northern Powergrid","NPg",148553006,"SEVENTH STREET HORDEN","54.764915, -1.3154537",5,280,NA,280,8,13,"2024-02-22 11:30:00.000","2024-03-21T12:00:00+00.00","2024-03-21T12:00:00+00.00"
"NPg_Substation_February2024","Northern Powergrid","NPg",148553006,"SEVENTH STREET HORDEN","54.764915, -1.3154537",5,473,NA,473,8,19,"2024-02-22 12:00:00.000","2024-03-21T12:00:00+00.00","2024-03-21T12:00:00+00.00"
"NPg_Substation_February2024","Northern Powergrid","NPg",148553006,"SEVENTH STREET HORDEN","54.764915, -1.3154537",5,2180,NA,2180,8,33,"2024-02-22 12:30:00.000","2024-03-21T12:00:00+00.00","2024-03-21T12:00:00+00.00"
"NPg_Substation_February2024","Northern Powergrid","NPg",148553006,"SEVENTH STREET HORDEN","54.764915, -1.3154537",5,261,NA,261,8,91,"2024-02-22 13:00:00.000","2024-03-21T12:00:00+00.00","2024-03-21T12:00:00+00.00"
"NPg_Substation_February2024","Northern Powergrid","NPg",148553006,"SEVENTH STREET HORDEN","54.764915, -1.3154537",5,223,NA,223,8,251,"2024-02-22 13:30:00.000","2024-03-21T12:00:00+00.00","2024-03-21T12:00:00+00.00"
"NPg_Substation_February2024","Northern Powergrid","NPg",148553006,"SEVENTH STREET HORDEN","54.764915, -1.3154537",5,159,NA,159,8,74,"2024-02-22 14:00:00.000","2024-03-21T12:00:00+00.00","2024-03-21T12:00:00+00.00"
"NPg_Substation_February2024","Northern Powergrid","NPg",148553006,"SEVENTH STREET HORDEN","54.764915, -1.3154537",5,160,NA,160,8,84,"2024-02-22 14:30:00.000","2024-03-21T12:00:00+00.00","2024-03-21T12:00:00+00.00"
"NPg_Substation_February2024","Northern Powergrid","NPg",148553006,"SEVENTH STREET HORDEN","54.764915, -1.3154537",5,234,NA,234,8,22,"2024-02-22 15:00:00.000","2024-03-21T12:00:00+00.00","2024-03-21T12:00:00+00.00"
"NPg_Substation_February2024","Northern Powergrid","NPg",148553006,"SEVENTH STREET HORDEN","54.764915, -1.3154537",5,177,NA,177,8,7,"2024-02-22 15:30:00.000","2024-03-21T12:00:00+00.00","2024-03-21T12:00:00+00.00"
"NPg_Substation_February2024","Northern Powergrid","NPg",148553006,"SEVENTH STREET HORDEN","54.764915, -1.3154537",5,144,NA,144,8,12,"2024-02-22 16:00:00.000","2024-03-21T12:00:00+00.00","2024-03-21T12:00:00+00.00"
"NPg_Substation_February2024","Northern Powergrid","NPg",148553006,"SEVENTH STREET HORDEN","54.764915, -1.3154537",5,1754,NA,1754,8,11,"2024-02-22 16:30:00.000","2024-03-21T12:00:00+00.00","2024-03-21T12:00:00+00.00"
"NPg_Substation_February2024","Northern Powergrid","NPg",148553006,"SEVENTH STREET HORDEN","54.764915, -1.3154537",5,216,NA,216,8,22,"2024-02-22 17:00:00.000","2024-03-21T12:00:00+00.00","2024-03-21T12:00:00+00.00"
"NPg_Substation_February2024","Northern Powergrid","NPg",148553006,"SEVENTH STREET HORDEN","54.764915, -1.3154537",5,204,NA,204,8,40,"2024-02-22 17:30:00.000","2024-03-21T12:00:00+00.00","2024-03-21T12:00:00+00.00"
"NPg_Substation_February2024","Northern Powergrid","NPg",148553006,"SEVENTH STREET HORDEN","54.764915, -1.3154537",5,183,NA,183,8,47,"2024-02-22 18:00:00.000","2024-03-21T12:00:00+00.00","2024-03-21T12:00:00+00.00"
"NPg_Substation_February2024","Northern Powergrid","NPg",148553006,"SEVENTH STREET HORDEN","54.764915, -1.3154537",5,239,NA,239,8,81,"2024-02-22 18:30:00.000","2024-03-21T12:00:00+00.00","2024-03-21T12:00:00+00.00"
"NPg_Substation_February2024","Northern Powergrid","NPg",148553006,"SEVENTH STREET HORDEN","54.764915, -1.3154537",5,333,NA,333,8,117,"2024-02-22 19:00:00.000","2024-03-21T12:00:00+00.00","2024-03-21T12:00:00+00.00"
"NPg_Substation_February2024","Northern Powergrid","NPg",148553006,"SEVENTH STREET HORDEN","54.764915, -1.3154537",5,358,NA,358,8,171,"2024-02-22 19:30:00.000","2024-03-21T12:00:00+00.00","2024-03-21T12:00:00+00.00"
"NPg_Substation_February2024","Northern Powergrid","NPg",148553006,"SEVENTH STREET HORDEN","54.764915, -1.3154537",5,395,NA,395,8,183,"2024-02-22 20:00:00.000","2024-03-21T12:00:00+00.00","2024-03-21T12:00:00+00.00"
"NPg_Substation_February2024","Northern Powergrid","NPg",148553006,"SEVENTH STREET HORDEN","54.764915, -1.3154537",5,871,NA,871,8,151,"2024-02-22 20:30:00.000","2024-03-21T12:00:00+00.00","2024-03-21T12:00:00+00.00"
"NPg_Substation_February2024","Northern Powergrid","NPg",148553006,"SEVENTH STREET HORDEN","54.764915, -1.3154537",5,1149,NA,1149,8,90,"2024-02-22 21:00:00.000","2024-03-21T12:00:00+00.00","2024-03-21T12:00:00+00.00"
"NPg_Substation_February2024","Northern Powergrid","NPg",148553006,"SEVENTH STREET HORDEN","54.764915, -1.3154537",5,997,NA,997,8,76,"2024-02-22 21:30:00.000","2024-03-21T12:00:00+00.00","2024-03-21T12:00:00+00.00"
"NPg_Substation_February2024","Northern Powergrid","NPg",148553006,"SEVENTH STREET HORDEN","54.764915, -1.3154537",5,569,NA,569,8,78,"2024-02-22 22:00:00.000","2024-03-21T12:00:00+00.00","2024-03-21T12:00:00+00.00"
"NPg_Substation_February2024","Northern Powergrid","NPg",148553006,"SEVENTH STREET HORDEN","54.764915, -1.3154537",5,185,NA,185,8,50,"2024-02-22 22:30:00.000","2024-03-21T12:00:00+00.00","2024-03-21T12:00:00+00.00"
"NPg_Substation_February2024","Northern Powergrid","NPg",148553006,"SEVENTH STREET HORDEN","54.764915, -1.3154537",5,169,NA,169,8,32,"2024-02-22 23:00:00.000","2024-03-21T12:00:00+00.00","2024-03-21T12:00:00+00.00"
"NPg_Substation_February2024","Northern Powergrid","NPg",148553006,"SEVENTH STREET HORDEN","54.764915, -1.3154537",5,198,NA,198,8,49,"2024-02-22 23:30:00.000","2024-03-21T12:00:00+00.00","2024-03-21T12:00:00+00.00"
"NPg_Substation_February2024","Northern Powergrid","NPg",148553006,"SEVENTH STREET HORDEN","54.764915, -1.3154537",5,189,NA,189,8,59,"2024-02-23 00:00:00.000","2024-03-21T12:00:00+00.00","2024-03-21T12:00:00+00.00"
"NPg_Substation_February2024","Northern Powergrid","NPg",148553006,"SEVENTH STREET HORDEN","54.764915, -1.3154537",5,193,NA,193,8,90,"2024-02-23 00:30:00.000","2024-03-21T12:00:00+00.00","2024-03-21T12:00:00+00.00"
"NPg_Substation_February2024","Northern Powergrid","NPg",148553006,"SEVENTH STREET HORDEN","54.764915, -1.3154537",5,242,NA,242,8,126,"2024-02-23 01:00:00.000","2024-03-21T12:00:00+00.00","2024-03-21T12:00:00+00.00"
"NPg_Substation_February2024","Northern Powergrid","NPg",148553006,"SEVENTH STREET HORDEN","54.764915, -1.3154537",5,213,NA,213,8,79,"2024-02-23 01:30:00.000","2024-03-21T12:00:00+00.00","2024-03-21T12:00:00+00.00"
"NPg_Substation_February2024","Northern Powergrid","NPg",148553006,"SEVENTH STREET HORDEN","54.764915, -1.3154537",5,152,NA,152,8,36,"2024-02-23 02:00:00.000","2024-03-21T12:00:00+00.00","2024-03-21T12:00:00+00.00"
"NPg_Substation_February2024","Northern Powergrid","NPg",148553006,"SEVENTH STREET HORDEN","54.764915, -1.3154537",5,130,NA,130,8,30,"2024-02-23 02:30:00.000","2024-03-21T12:00:00+00.00","2024-03-21T12:00:00+00.00"
"NPg_Substation_February2024","Northern Powergrid","NPg",148553006,"SEVENTH STREET HORDEN","54.764915, -1.3154537",5,179,NA,179,8,43,"2024-02-23 03:00:00.000","2024-03-21T12:00:00+00.00","2024-03-21T12:00:00+00.00"
"NPg_Substation_February2024","Northern Powergrid","NPg",148553006,"SEVENTH STREET HORDEN","54.764915, -1.3154537",5,183,NA,183,8,58,"2024-02-23 03:30:00.000","2024-03-21T12:00:00+00.00","2024-03-21T12:00:00+00.00"
"NPg_Substation_February2024","Northern Powergrid","NPg",148553006,"SEVENTH STREET HORDEN","54.764915, -1.3154537",5,208,NA,208,8,66,"2024-02-23 04:00:00.000","2024-03-21T12:00:00+00.00","2024-03-21T12:00:00+00.00"
"NPg_Substation_February2024","Northern Powergrid","NPg",148553006,"SEVENTH STREET HORDEN","54.764915, -1.3154537",5,142,NA,142,8,53,"2024-02-23 04:30:00.000","2024-03-21T12:00:00+00.00","2024-03-21T12:00:00+00.00"
"NPg_Substation_February2024","Northern Powergrid","NPg",148553006,"SEVENTH STREET HORDEN","54.764915, -1.3154537",5,215,NA,215,8,111,"2024-02-23 05:00:00.000","2024-03-21T12:00:00+00.00","2024-03-21T12:00:00+00.00"
"NPg_Substation_February2024","Northern Powergrid","NPg",148553006,"SEVENTH STREET HORDEN","54.764915, -1.3154537",5,216,NA,216,8,132,"2024-02-23 05:30:00.000","2024-03-21T12:00:00+00.00","2024-03-21T12:00:00+00.00"
"NPg_Substation_February2024","Northern Powergrid","NPg",148553006,"SEVENTH STREET HORDEN","54.764915, -1.3154537",5,205,NA,205,8,116,"2024-02-23 06:00:00.000","2024-03-21T12:00:00+00.00","2024-03-21T12:00:00+00.00"
"NPg_Substation_February2024","Northern Powergrid","NPg",148553006,"SEVENTH STREET HORDEN","54.764915, -1.3154537",5,217,NA,217,8,56,"2024-02-23 06:30:00.000","2024-03-21T12:00:00+00.00","2024-03-21T12:00:00+00.00"
"NPg_Substation_February2024","Northern Powergrid","NPg",148553006,"SEVENTH STREET HORDEN","54.764915, -1.3154537",5,215,NA,215,8,50,"2024-02-23 07:00:00.000","2024-03-21T12:00:00+00.00","2024-03-21T12:00:00+00.00"
"NPg_Substation_February2024","Northern Powergrid","NPg",148553006,"SEVENTH STREET HORDEN","54.764915, -1.3154537",5,326,NA,326,8,48,"2024-02-23 07:30:00.000","2024-03-21T12:00:00+00.00","2024-03-21T12:00:00+00.00"
"NPg_Substation_February2024","Northern Powergrid","NPg",148553006,"SEVENTH STREET HORDEN","54.764915, -1.3154537",5,329,NA,329,8,253,"2024-02-23 08:00:00.000","2024-03-21T12:00:00+00.00","2024-03-21T12:00:00+00.00"
"NPg_Substation_February2024","Northern Powergrid","NPg",148553006,"SEVENTH STREET HORDEN","54.764915, -1.3154537",5,178,NA,178,8,39,"2024-02-23 08:30:00.000","2024-03-21T12:00:00+00.00","2024-03-21T12:00:00+00.00"
"NPg_Substation_February2024","Northern Powergrid","NPg",148553006,"SEVENTH STREET HORDEN","54.764915, -1.3154537",5,755,NA,755,8,16,"2024-02-23 09:00:00.000","2024-03-21T12:00:00+00.00","2024-03-21T12:00:00+00.00"
"NPg_Substation_February2024","Northern Powergrid","NPg",148553006,"SEVENTH STREET HORDEN","54.764915, -1.3154537",5,1292,NA,1292,8,114,"2024-02-23 09:30:00.000","2024-03-21T12:00:00+00.00","2024-03-21T12:00:00+00.00"
"NPg_Substation_February2024","Northern Powergrid","NPg",148553006,"SEVENTH STREET HORDEN","54.764915, -1.3154537",5,1481,NA,1481,8,167,"2024-02-23 10:00:00.000","2024-03-21T12:00:00+00.00","2024-03-21T12:00:00+00.00"
"NPg_Substation_February2024","Northern Powergrid","NPg",148553006,"SEVENTH STREET HORDEN","54.764915, -1.3154537",5,302,NA,302,8,184,"2024-02-23 10:30:00.000","2024-03-21T12:00:00+00.00","2024-03-21T12:00:00+00.00"
"NPg_Substation_February2024","Northern Powergrid","NPg",148553006,"SEVENTH STREET HORDEN","54.764915, -1.3154537",5,1277,NA,1277,8,214,"2024-02-23 11:00:00.000","2024-03-21T12:00:00+00.00","2024-03-21T12:00:00+00.00"
"NPg_Substation_February2024","Northern Powergrid","NPg",148553006,"SEVENTH STREET HORDEN","54.764915, -1.3154537",5,1445,NA,1445,8,238,"2024-02-23 11:30:00.000","2024-03-21T12:00:00+00.00","2024-03-21T12:00:00+00.00"
"NPg_Substation_February2024","Northern Powergrid","NPg",148553006,"SEVENTH STREET HORDEN","54.764915, -1.3154537",5,228,NA,228,8,67,"2024-02-23 12:00:00.000","2024-03-21T12:00:00+00.00","2024-03-21T12:00:00+00.00"
"NPg_Substation_February2024","Northern Powergrid","NPg",148553006,"SEVENTH STREET HORDEN","54.764915, -1.3154537",5,213,NA,213,8,8,"2024-02-23 12:30:00.000","2024-03-21T12:00:00+00.00","2024-03-21T12:00:00+00.00"
"NPg_Substation_February2024","Northern Powergrid","NPg",148553006,"SEVENTH STREET HORDEN","54.764915, -1.3154537",5,3214,NA,3214,8,17,"2024-02-23 13:00:00.000","2024-03-21T12:00:00+00.00","2024-03-21T12:00:00+00.00"
"NPg_Substation_February2024","Northern Powergrid","NPg",148553006,"SEVENTH STREET HORDEN","54.764915, -1.3154537",5,563,NA,563,8,31,"2024-02-23 13:30:00.000","2024-03-21T12:00:00+00.00","2024-03-21T12:00:00+00.00"
"NPg_Substation_February2024","Northern Powergrid","NPg",148553006,"SEVENTH STREET HORDEN","54.764915, -1.3154537",5,227,NA,227,8,75,"2024-02-23 14:00:00.000","2024-03-21T12:00:00+00.00","2024-03-21T12:00:00+00.00"
"NPg_Substation_February2024","Northern Powergrid","NPg",148553006,"SEVENTH STREET HORDEN","54.764915, -1.3154537",5,197,NA,197,8,73,"2024-02-23 14:30:00.000","2024-03-21T12:00:00+00.00","2024-03-21T12:00:00+00.00"
"NPg_Substation_February2024","Northern Powergrid","NPg",148553006,"SEVENTH STREET HORDEN","54.764915, -1.3154537",5,180,NA,180,8,71,"2024-02-23 15:00:00.000","2024-03-21T12:00:00+00.00","2024-03-21T12:00:00+00.00"
"NPg_Substation_February2024","Northern Powergrid","NPg",148553006,"SEVENTH STREET HORDEN","54.764915, -1.3154537",5,360,NA,360,8,73,"2024-02-23 15:30:00.000","2024-03-21T12:00:00+00.00","2024-03-21T12:00:00+00.00"
"NPg_Substation_February2024","Northern Powergrid","NPg",148553006,"SEVENTH STREET HORDEN","54.764915, -1.3154537",5,1407,NA,1407,8,74,"2024-02-23 16:00:00.000","2024-03-21T12:00:00+00.00","2024-03-21T12:00:00+00.00"
"NPg_Substation_February2024","Northern Powergrid","NPg",148553006,"SEVENTH STREET HORDEN","54.764915, -1.3154537",5,213,NA,213,8,18,"2024-02-23 16:30:00.000","2024-03-21T12:00:00+00.00","2024-03-21T12:00:00+00.00"
"NPg_Substation_February2024","Northern Powergrid","NPg",148553006,"SEVENTH STREET HORDEN","54.764915, -1.3154537",5,217,NA,217,8,7,"2024-02-23 17:00:00.000","2024-03-21T12:00:00+00.00","2024-03-21T12:00:00+00.00"
"NPg_Substation_February2024","Northern Powergrid","NPg",148553006,"SEVENTH STREET HORDEN","54.764915, -1.3154537",5,160,NA,160,8,19,"2024-02-23 17:30:00.000","2024-03-21T12:00:00+00.00","2024-03-21T12:00:00+00.00"
"NPg_Substation_February2024","Northern Powergrid","NPg",148553006,"SEVENTH STREET HORDEN","54.764915, -1.3154537",5,202,NA,202,8,53,"2024-02-23 18:00:00.000","2024-03-21T12:00:00+00.00","2024-03-21T12:00:00+00.00"
"NPg_Substation_February2024","Northern Powergrid","NPg",148553006,"SEVENTH STREET HORDEN","54.764915, -1.3154537",5,214,NA,214,8,72,"2024-02-23 18:30:00.000","2024-03-21T12:00:00+00.00","2024-03-21T12:00:00+00.00"
"NPg_Substation_February2024","Northern Powergrid","NPg",148553006,"SEVENTH STREET HORDEN","54.764915, -1.3154537",5,175,NA,175,8,30,"2024-02-23 19:00:00.000","2024-03-21T12:00:00+00.00","2024-03-21T12:00:00+00.00"
"NPg_Substation_February2024","Northern Powergrid","NPg",148553006,"SEVENTH STREET HORDEN","54.764915, -1.3154537",5,290,NA,290,8,87,"2024-02-23 19:30:00.000","2024-03-21T12:00:00+00.00","2024-03-21T12:00:00+00.00"
"NPg_Substation_February2024","Northern Powergrid","NPg",148553006,"SEVENTH STREET HORDEN","54.764915, -1.3154537",5,974,NA,974,8,178,"2024-02-23 20:00:00.000","2024-03-21T12:00:00+00.00","2024-03-21T12:00:00+00.00"
"NPg_Substation_February2024","Northern Powergrid","NPg",148553006,"SEVENTH STREET HORDEN","54.764915, -1.3154537",5,1215,NA,1215,8,154,"2024-02-23 20:30:00.000","2024-03-21T12:00:00+00.00","2024-03-21T12:00:00+00.00"
"NPg_Substation_February2024","Northern Powergrid","NPg",148553006,"SEVENTH STREET HORDEN","54.764915, -1.3154537",5,2401,NA,2401,8,112,"2024-02-23 21:00:00.000","2024-03-21T12:00:00+00.00","2024-03-21T12:00:00+00.00"
"NPg_Substation_February2024","Northern Powergrid","NPg",148553006,"SEVENTH STREET HORDEN","54.764915, -1.3154537",5,521,NA,521,8,65,"2024-02-23 21:30:00.000","2024-03-21T12:00:00+00.00","2024-03-21T12:00:00+00.00"
"NPg_Substation_February2024","Northern Powergrid","NPg",148553006,"SEVENTH STREET HORDEN","54.764915, -1.3154537",5,756,NA,756,8,110,"2024-02-23 22:00:00.000","2024-03-21T12:00:00+00.00","2024-03-21T12:00:00+00.00"
"NPg_Substation_February2024","Northern Powergrid","NPg",148553006,"SEVENTH STREET HORDEN","54.764915, -1.3154537",5,508,NA,508,8,109,"2024-02-23 22:30:00.000","2024-03-21T12:00:00+00.00","2024-03-21T12:00:00+00.00"
"NPg_Substation_February2024","Northern Powergrid","NPg",148553006,"SEVENTH STREET HORDEN","54.764915, -1.3154537",5,179,NA,179,8,59,"2024-02-23 23:00:00.000","2024-03-21T12:00:00+00.00","2024-03-21T12:00:00+00.00"
"NPg_Substation_February2024","Northern Powergrid","NPg",148553006,"SEVENTH STREET HORDEN","54.764915, -1.3154537",5,227,NA,227,8,98,"2024-02-23 23:30:00.000","2024-03-21T12:00:00+00.00","2024-03-21T12:00:00+00.00"
"NPg_Substation_February2024","Northern Powergrid","NPg",148553006,"SEVENTH STREET HORDEN","54.764915, -1.3154537",5,191,NA,191,8,107,"2024-02-24 00:00:00.000","2024-03-21T12:00:00+00.00","2024-03-21T12:00:00+00.00"
"NPg_Substation_February2024","Northern Powergrid","NPg",148553006,"SEVENTH STREET HORDEN","54.764915, -1.3154537",5,167,NA,167,8,80,"2024-02-24 00:30:00.000","2024-03-21T12:00:00+00.00","2024-03-21T12:00:00+00.00"
"NPg_Substation_February2024","Northern Powergrid","NPg",148553006,"SEVENTH STREET HORDEN","54.764915, -1.3154537",5,182,NA,182,8,32,"2024-02-24 01:00:00.000","2024-03-21T12:00:00+00.00","2024-03-21T12:00:00+00.00"
"NPg_Substation_February2024","Northern Powergrid","NPg",148553006,"SEVENTH STREET HORDEN","54.764915, -1.3154537",5,167,NA,167,8,64,"2024-02-24 01:30:00.000","2024-03-21T12:00:00+00.00","2024-03-21T12:00:00+00.00"
"NPg_Substation_February2024","Northern Powergrid","NPg",148553006,"SEVENTH STREET HORDEN","54.764915, -1.3154537",5,144,NA,144,8,36,"2024-02-24 02:00:00.000","2024-03-21T12:00:00+00.00","2024-03-21T12:00:00+00.00"
"NPg_Substation_February2024","Northern Powergrid","NPg",148553006,"SEVENTH STREET HORDEN","54.764915, -1.3154537",5,146,NA,146,8,29,"2024-02-24 02:30:00.000","2024-03-21T12:00:00+00.00","2024-03-21T12:00:00+00.00"
"NPg_Substation_February2024","Northern Powergrid","NPg",148553006,"SEVENTH STREET HORDEN","54.764915, -1.3154537",5,165,NA,165,8,51,"2024-02-24 03:00:00.000","2024-03-21T12:00:00+00.00","2024-03-21T12:00:00+00.00"
"NPg_Substation_February2024","Northern Powergrid","NPg",148553006,"SEVENTH STREET HORDEN","54.764915, -1.3154537",5,181,NA,181,8,92,"2024-02-24 03:30:00.000","2024-03-21T12:00:00+00.00","2024-03-21T12:00:00+00.00"
"NPg_Substation_February2024","Northern Powergrid","NPg",148553006,"SEVENTH STREET HORDEN","54.764915, -1.3154537",5,182,NA,182,8,121,"2024-02-24 04:00:00.000","2024-03-21T12:00:00+00.00","2024-03-21T12:00:00+00.00"
"NPg_Substation_February2024","Northern Powergrid","NPg",148553006,"SEVENTH STREET HORDEN","54.764915, -1.3154537",5,202,NA,202,8,94,"2024-02-24 04:30:00.000","2024-03-21T12:00:00+00.00","2024-03-21T12:00:00+00.00"
"NPg_Substation_February2024","Northern Powergrid","NPg",148553006,"SEVENTH STREET HORDEN","54.764915, -1.3154537",5,159,NA,159,8,19,"2024-02-24 05:00:00.000","2024-03-21T12:00:00+00.00","2024-03-21T12:00:00+00.00"
"NPg_Substation_February2024","Northern Powergrid","NPg",148553006,"SEVENTH STREET HORDEN","54.764915, -1.3154537",5,175,NA,175,8,30,"2024-02-24 05:30:00.000","2024-03-21T12:00:00+00.00","2024-03-21T12:00:00+00.00"
"NPg_Substation_February2024","Northern Powergrid","NPg",148553006,"SEVENTH STREET HORDEN","54.764915, -1.3154537",5,140,NA,140,8,49,"2024-02-24 06:00:00.000","2024-03-21T12:00:00+00.00","2024-03-21T12:00:00+00.00"
"NPg_Substation_February2024","Northern Powergrid","NPg",148553006,"SEVENTH STREET HORDEN","54.764915, -1.3154537",5,133,NA,133,8,56,"2024-02-24 06:30:00.000","2024-03-21T12:00:00+00.00","2024-03-21T12:00:00+00.00"
"NPg_Substation_February2024","Northern Powergrid","NPg",148553006,"SEVENTH STREET HORDEN","54.764915, -1.3154537",5,204,NA,204,8,61,"2024-02-24 07:00:00.000","2024-03-21T12:00:00+00.00","2024-03-21T12:00:00+00.00"
"NPg_Substation_February2024","Northern Powergrid","NPg",148553006,"SEVENTH STREET HORDEN","54.764915, -1.3154537",5,202,NA,202,8,106,"2024-02-24 07:30:00.000","2024-03-21T12:00:00+00.00","2024-03-21T12:00:00+00.00"
"NPg_Substation_February2024","Northern Powergrid","NPg",148553006,"SEVENTH STREET HORDEN","54.764915, -1.3154537",5,402,NA,402,8,119,"2024-02-24 08:00:00.000","2024-03-21T12:00:00+00.00","2024-03-21T12:00:00+00.00"
"NPg_Substation_February2024","Northern Powergrid","NPg",148553006,"SEVENTH STREET HORDEN","54.764915, -1.3154537",5,430,NA,430,8,112,"2024-02-24 08:30:00.000","2024-03-21T12:00:00+00.00","2024-03-21T12:00:00+00.00"
"NPg_Substation_February2024","Northern Powergrid","NPg",148553006,"SEVENTH STREET HORDEN","54.764915, -1.3154537",5,389,NA,389,8,44,"2024-02-24 09:00:00.000","2024-03-21T12:00:00+00.00","2024-03-21T12:00:00+00.00"
"NPg_Substation_February2024","Northern Powergrid","NPg",148553006,"SEVENTH STREET HORDEN","54.764915, -1.3154537",5,452,NA,452,8,39,"2024-02-24 09:30:00.000","2024-03-21T12:00:00+00.00","2024-03-21T12:00:00+00.00"
"NPg_Substation_February2024","Northern Powergrid","NPg",148553006,"SEVENTH STREET HORDEN","54.764915, -1.3154537",5,387,NA,387,8,38,"2024-02-24 10:00:00.000","2024-03-21T12:00:00+00.00","2024-03-21T12:00:00+00.00"
"NPg_Substation_February2024","Northern Powergrid","NPg",148553006,"SEVENTH STREET HORDEN","54.764915, -1.3154537",5,442,NA,442,8,194,"2024-02-24 10:30:00.000","2024-03-21T12:00:00+00.00","2024-03-21T12:00:00+00.00"
"NPg_Substation_February2024","Northern Powergrid","NPg",148553006,"SEVENTH STREET HORDEN","54.764915, -1.3154537",5,381,NA,381,8,29,"2024-02-24 11:00:00.000","2024-03-21T12:00:00+00.00","2024-03-21T12:00:00+00.00"
"NPg_Substation_February2024","Northern Powergrid","NPg",148553006,"SEVENTH STREET HORDEN","54.764915, -1.3154537",5,428,NA,428,8,119,"2024-02-24 11:30:00.000","2024-03-21T12:00:00+00.00","2024-03-21T12:00:00+00.00"
"NPg_Substation_February2024","Northern Powergrid","NPg",148553006,"SEVENTH STREET HORDEN","54.764915, -1.3154537",5,476,NA,476,8,73,"2024-02-24 12:00:00.000","2024-03-21T12:00:00+00.00","2024-03-21T12:00:00+00.00"
"NPg_Substation_February2024","Northern Powergrid","NPg",148553006,"SEVENTH STREET HORDEN","54.764915, -1.3154537",5,411,NA,411,8,68,"2024-02-24 12:30:00.000","2024-03-21T12:00:00+00.00","2024-03-21T12:00:00+00.00"
"NPg_Substation_February2024","Northern Powergrid","NPg",148553006,"SEVENTH STREET HORDEN","54.764915, -1.3154537",5,403,NA,403,8,74,"2024-02-24 13:00:00.000","2024-03-21T12:00:00+00.00","2024-03-21T12:00:00+00.00"
"NPg_Substation_February2024","Northern Powergrid","NPg",148553006,"SEVENTH STREET HORDEN","54.764915, -1.3154537",5,152,NA,152,8,25,"2024-02-24 13:30:00.000","2024-03-21T12:00:00+00.00","2024-03-21T12:00:00+00.00"
"NPg_Substation_February2024","Northern Powergrid","NPg",148553006,"SEVENTH STREET HORDEN","54.764915, -1.3154537",5,126,NA,126,8,14,"2024-02-24 14:00:00.000","2024-03-21T12:00:00+00.00","2024-03-21T12:00:00+00.00"
"NPg_Substation_February2024","Northern Powergrid","NPg",148553006,"SEVENTH STREET HORDEN","54.764915, -1.3154537",5,134,NA,134,8,9,"2024-02-24 14:30:00.000","2024-03-21T12:00:00+00.00","2024-03-21T12:00:00+00.00"
"NPg_Substation_February2024","Northern Powergrid","NPg",148553006,"SEVENTH STREET HORDEN","54.764915, -1.3154537",5,139,NA,139,8,7,"2024-02-24 15:00:00.000","2024-03-21T12:00:00+00.00","2024-03-21T12:00:00+00.00"
"NPg_Substation_February2024","Northern Powergrid","NPg",148553006,"SEVENTH STREET HORDEN","54.764915, -1.3154537",5,189,NA,189,8,22,"2024-02-24 15:30:00.000","2024-03-21T12:00:00+00.00","2024-03-21T12:00:00+00.00"
"NPg_Substation_February2024","Northern Powergrid","NPg",148553006,"SEVENTH STREET HORDEN","54.764915, -1.3154537",5,168,NA,168,8,10,"2024-02-24 16:00:00.000","2024-03-21T12:00:00+00.00","2024-03-21T12:00:00+00.00"
"NPg_Substation_February2024","Northern Powergrid","NPg",148553006,"SEVENTH STREET HORDEN","54.764915, -1.3154537",5,177,NA,177,8,19,"2024-02-24 16:30:00.000","2024-03-21T12:00:00+00.00","2024-03-21T12:00:00+00.00"
"NPg_Substation_February2024","Northern Powergrid","NPg",148553006,"SEVENTH STREET HORDEN","54.764915, -1.3154537",5,201,NA,201,8,79,"2024-02-24 17:00:00.000","2024-03-21T12:00:00+00.00","2024-03-21T12:00:00+00.00"
"NPg_Substation_February2024","Northern Powergrid","NPg",148553006,"SEVENTH STREET HORDEN","54.764915, -1.3154537",5,695,NA,695,8,109,"2024-02-24 17:30:00.000","2024-03-21T12:00:00+00.00","2024-03-21T12:00:00+00.00"
"NPg_Substation_February2024","Northern Powergrid","NPg",148553006,"SEVENTH STREET HORDEN","54.764915, -1.3154537",5,795,NA,795,8,111,"2024-02-24 18:00:00.000","2024-03-21T12:00:00+00.00","2024-03-21T12:00:00+00.00"
"NPg_Substation_February2024","Northern Powergrid","NPg",148553006,"SEVENTH STREET HORDEN","54.764915, -1.3154537",5,275,NA,275,8,59,"2024-02-24 18:30:00.000","2024-03-21T12:00:00+00.00","2024-03-21T12:00:00+00.00"
"NPg_Substation_February2024","Northern Powergrid","NPg",148553006,"SEVENTH STREET HORDEN","54.764915, -1.3154537",5,969,NA,969,8,90,"2024-02-24 19:00:00.000","2024-03-21T12:00:00+00.00","2024-03-21T12:00:00+00.00"
"NPg_Substation_February2024","Northern Powergrid","NPg",148553006,"SEVENTH STREET HORDEN","54.764915, -1.3154537",5,1149,NA,1149,8,114,"2024-02-24 19:30:00.000","2024-03-21T12:00:00+00.00","2024-03-21T12:00:00+00.00"
"NPg_Substation_February2024","Northern Powergrid","NPg",148553006,"SEVENTH STREET HORDEN","54.764915, -1.3154537",5,493,NA,493,8,83,"2024-02-24 20:00:00.000","2024-03-21T12:00:00+00.00","2024-03-21T12:00:00+00.00"
"NPg_Substation_February2024","Northern Powergrid","NPg",148553006,"SEVENTH STREET HORDEN","54.764915, -1.3154537",5,1016,NA,1016,8,79,"2024-02-24 20:30:00.000","2024-03-21T12:00:00+00.00","2024-03-21T12:00:00+00.00"
"NPg_Substation_February2024","Northern Powergrid","NPg",148553006,"SEVENTH STREET HORDEN","54.764915, -1.3154537",5,458,NA,458,8,120,"2024-02-24 21:00:00.000","2024-03-21T12:00:00+00.00","2024-03-21T12:00:00+00.00"
"NPg_Substation_February2024","Northern Powergrid","NPg",148553006,"SEVENTH STREET HORDEN","54.764915, -1.3154537",5,215,NA,215,8,141,"2024-02-24 21:30:00.000","2024-03-21T12:00:00+00.00","2024-03-21T12:00:00+00.00"
"NPg_Substation_February2024","Northern Powergrid","NPg",148553006,"SEVENTH STREET HORDEN","54.764915, -1.3154537",5,147,NA,147,8,87,"2024-02-24 22:00:00.000","2024-03-21T12:00:00+00.00","2024-03-21T12:00:00+00.00"
"NPg_Substation_February2024","Northern Powergrid","NPg",148553006,"SEVENTH STREET HORDEN","54.764915, -1.3154537",5,108,NA,108,8,30,"2024-02-24 22:30:00.000","2024-03-21T12:00:00+00.00","2024-03-21T12:00:00+00.00"
"NPg_Substation_February2024","Northern Powergrid","NPg",148553006,"SEVENTH STREET HORDEN","54.764915, -1.3154537",5,81,NA,81,8,66,"2024-02-24 23:00:00.000","2024-03-21T12:00:00+00.00","2024-03-21T12:00:00+00.00"
"NPg_Substation_February2024","Northern Powergrid","NPg",148553006,"SEVENTH STREET HORDEN","54.764915, -1.3154537",5,127,NA,127,8,59,"2024-02-24 23:30:00.000","2024-03-21T12:00:00+00.00","2024-03-21T12:00:00+00.00"
"NPg_Substation_February2024","Northern Powergrid","NPg",148553006,"SEVENTH STREET HORDEN","54.764915, -1.3154537",5,124,NA,124,8,28,"2024-02-25 00:00:00.000","2024-03-21T12:00:00+00.00","2024-03-21T12:00:00+00.00"
"NPg_Substation_February2024","Northern Powergrid","NPg",148553006,"SEVENTH STREET HORDEN","54.764915, -1.3154537",5,125,NA,125,8,31,"2024-02-25 00:30:00.000","2024-03-21T12:00:00+00.00","2024-03-21T12:00:00+00.00"
"NPg_Substation_February2024","Northern Powergrid","NPg",148553006,"SEVENTH STREET HORDEN","54.764915, -1.3154537",5,153,NA,153,8,90,"2024-02-25 01:00:00.000","2024-03-21T12:00:00+00.00","2024-03-21T12:00:00+00.00"
"NPg_Substation_February2024","Northern Powergrid","NPg",148553006,"SEVENTH STREET HORDEN","54.764915, -1.3154537",5,162,NA,162,8,115,"2024-02-25 01:30:00.000","2024-03-21T12:00:00+00.00","2024-03-21T12:00:00+00.00"
"NPg_Substation_February2024","Northern Powergrid","NPg",148553006,"SEVENTH STREET HORDEN","54.764915, -1.3154537",5,148,NA,148,8,137,"2024-02-25 02:00:00.000","2024-03-21T12:00:00+00.00","2024-03-21T12:00:00+00.00"
"NPg_Substation_February2024","Northern Powergrid","NPg",148553006,"SEVENTH STREET HORDEN","54.764915, -1.3154537",5,134,NA,134,8,113,"2024-02-25 02:30:00.000","2024-03-21T12:00:00+00.00","2024-03-21T12:00:00+00.00"
"NPg_Substation_February2024","Northern Powergrid","NPg",148553006,"SEVENTH STREET HORDEN","54.764915, -1.3154537",5,76,NA,76,8,55,"2024-02-25 03:00:00.000","2024-03-21T12:00:00+00.00","2024-03-21T12:00:00+00.00"
"NPg_Substation_February2024","Northern Powergrid","NPg",148553006,"SEVENTH STREET HORDEN","54.764915, -1.3154537",5,75,NA,75,8,79,"2024-02-25 03:30:00.000","2024-03-21T12:00:00+00.00","2024-03-21T12:00:00+00.00"
"NPg_Substation_February2024","Northern Powergrid","NPg",148553006,"SEVENTH STREET HORDEN","54.764915, -1.3154537",5,83,NA,83,8,49,"2024-02-25 04:00:00.000","2024-03-21T12:00:00+00.00","2024-03-21T12:00:00+00.00"
"NPg_Substation_February2024","Northern Powergrid","NPg",148553006,"SEVENTH STREET HORDEN","54.764915, -1.3154537",5,130,NA,130,8,69,"2024-02-25 04:30:00.000","2024-03-21T12:00:00+00.00","2024-03-21T12:00:00+00.00"
"NPg_Substation_February2024","Northern Powergrid","NPg",148553006,"SEVENTH STREET HORDEN","54.764915, -1.3154537",5,102,NA,102,8,84,"2024-02-25 05:00:00.000","2024-03-21T12:00:00+00.00","2024-03-21T12:00:00+00.00"
"NPg_Substation_February2024","Northern Powergrid","NPg",148553006,"SEVENTH STREET HORDEN","54.764915, -1.3154537",5,85,NA,85,8,87,"2024-02-25 05:30:00.000","2024-03-21T12:00:00+00.00","2024-03-21T12:00:00+00.00"
"NPg_Substation_February2024","Northern Powergrid","NPg",148553006,"SEVENTH STREET HORDEN","54.764915, -1.3154537",5,67,NA,67,8,50,"2024-02-25 06:00:00.000","2024-03-21T12:00:00+00.00","2024-03-21T12:00:00+00.00"
"NPg_Substation_February2024","Northern Powergrid","NPg",148553006,"SEVENTH STREET HORDEN","54.764915, -1.3154537",5,363,NA,363,8,136,"2024-02-25 06:30:00.000","2024-03-21T12:00:00+00.00","2024-03-21T12:00:00+00.00"
"NPg_Substation_February2024","Northern Powergrid","NPg",148553006,"SEVENTH STREET HORDEN","54.764915, -1.3154537",5,222,NA,222,8,143,"2024-02-25 07:00:00.000","2024-03-21T12:00:00+00.00","2024-03-21T12:00:00+00.00"
"NPg_Substation_February2024","Northern Powergrid","NPg",148553006,"SEVENTH STREET HORDEN","54.764915, -1.3154537",5,191,NA,191,8,107,"2024-02-25 07:30:00.000","2024-03-21T12:00:00+00.00","2024-03-21T12:00:00+00.00"
"NPg_Substation_February2024","Northern Powergrid","NPg",148553006,"SEVENTH STREET HORDEN","54.764915, -1.3154537",5,143,NA,143,8,23,"2024-02-25 08:00:00.000","2024-03-21T12:00:00+00.00","2024-03-21T12:00:00+00.00"
"NPg_Substation_February2024","Northern Powergrid","NPg",148553006,"SEVENTH STREET HORDEN","54.764915, -1.3154537",5,121,NA,121,8,21,"2024-02-25 08:30:00.000","2024-03-21T12:00:00+00.00","2024-03-21T12:00:00+00.00"
"NPg_Substation_February2024","Northern Powergrid","NPg",148553006,"SEVENTH STREET HORDEN","54.764915, -1.3154537",5,84,NA,84,8,27,"2024-02-25 09:00:00.000","2024-03-21T12:00:00+00.00","2024-03-21T12:00:00+00.00"
"NPg_Substation_February2024","Northern Powergrid","NPg",148553006,"SEVENTH STREET HORDEN","54.764915, -1.3154537",5,80,NA,80,8,36,"2024-02-25 09:30:00.000","2024-03-21T12:00:00+00.00","2024-03-21T12:00:00+00.00"
"NPg_Substation_February2024","Northern Powergrid","NPg",148553006,"SEVENTH STREET HORDEN","54.764915, -1.3154537",5,715,NA,715,8,31,"2024-02-25 10:00:00.000","2024-03-21T12:00:00+00.00","2024-03-21T12:00:00+00.00"
"NPg_Substation_February2024","Northern Powergrid","NPg",148553006,"SEVENTH STREET HORDEN","54.764915, -1.3154537",5,177,NA,177,8,52,"2024-02-25 10:30:00.000","2024-03-21T12:00:00+00.00","2024-03-21T12:00:00+00.00"
"NPg_Substation_February2024","Northern Powergrid","NPg",148553006,"SEVENTH STREET HORDEN","54.764915, -1.3154537",5,165,NA,165,8,230,"2024-02-25 11:00:00.000","2024-03-21T12:00:00+00.00","2024-03-21T12:00:00+00.00"
"NPg_Substation_February2024","Northern Powergrid","NPg",148553006,"SEVENTH STREET HORDEN","54.764915, -1.3154537",5,213,NA,213,8,245,"2024-02-25 11:30:00.000","2024-03-21T12:00:00+00.00","2024-03-21T12:00:00+00.00"
"NPg_Substation_February2024","Northern Powergrid","NPg",148553006,"SEVENTH STREET HORDEN","54.764915, -1.3154537",5,144,NA,144,8,87,"2024-02-25 12:00:00.000","2024-03-21T12:00:00+00.00","2024-03-21T12:00:00+00.00"
"NPg_Substation_February2024","Northern Powergrid","NPg",148553006,"SEVENTH STREET HORDEN","54.764915, -1.3154537",5,133,NA,133,8,38,"2024-02-25 12:30:00.000","2024-03-21T12:00:00+00.00","2024-03-21T12:00:00+00.00"
"NPg_Substation_February2024","Northern Powergrid","NPg",148553006,"SEVENTH STREET HORDEN","54.764915, -1.3154537",5,133,NA,133,8,56,"2024-02-25 13:00:00.000","2024-03-21T12:00:00+00.00","2024-03-21T12:00:00+00.00"
"NPg_Substation_February2024","Northern Powergrid","NPg",148553006,"SEVENTH STREET HORDEN","54.764915, -1.3154537",5,86,NA,86,8,33,"2024-02-25 13:30:00.000","2024-03-21T12:00:00+00.00","2024-03-21T12:00:00+00.00"
"NPg_Substation_February2024","Northern Powergrid","NPg",148553006,"SEVENTH STREET HORDEN","54.764915, -1.3154537",5,251,NA,251,8,24,"2024-02-25 14:00:00.000","2024-03-21T12:00:00+00.00","2024-03-21T12:00:00+00.00"
"NPg_Substation_February2024","Northern Powergrid","NPg",148553006,"SEVENTH STREET HORDEN","54.764915, -1.3154537",5,133,NA,133,8,55,"2024-02-25 14:30:00.000","2024-03-21T12:00:00+00.00","2024-03-21T12:00:00+00.00"
"NPg_Substation_February2024","Northern Powergrid","NPg",148553006,"SEVENTH STREET HORDEN","54.764915, -1.3154537",5,1821,NA,1821,8,142,"2024-02-25 15:00:00.000","2024-03-21T12:00:00+00.00","2024-03-21T12:00:00+00.00"
"NPg_Substation_February2024","Northern Powergrid","NPg",148553006,"SEVENTH STREET HORDEN","54.764915, -1.3154537",5,1340,NA,1340,8,166,"2024-02-25 15:30:00.000","2024-03-21T12:00:00+00.00","2024-03-21T12:00:00+00.00"
"NPg_Substation_February2024","Northern Powergrid","NPg",148553006,"SEVENTH STREET HORDEN","54.764915, -1.3154537",5,314,NA,314,8,69,"2024-02-25 16:00:00.000","2024-03-21T12:00:00+00.00","2024-03-21T12:00:00+00.00"
"NPg_Substation_February2024","Northern Powergrid","NPg",148553006,"SEVENTH STREET HORDEN","54.764915, -1.3154537",5,357,NA,357,8,25,"2024-02-25 16:30:00.000","2024-03-21T12:00:00+00.00","2024-03-21T12:00:00+00.00"
"NPg_Substation_February2024","Northern Powergrid","NPg",148553006,"SEVENTH STREET HORDEN","54.764915, -1.3154537",5,485,NA,485,8,26,"2024-02-25 17:00:00.000","2024-03-21T12:00:00+00.00","2024-03-21T12:00:00+00.00"
"NPg_Substation_February2024","Northern Powergrid","NPg",148553006,"SEVENTH STREET HORDEN","54.764915, -1.3154537",5,169,NA,169,8,63,"2024-02-25 17:30:00.000","2024-03-21T12:00:00+00.00","2024-03-21T12:00:00+00.00"
"NPg_Substation_February2024","Northern Powergrid","NPg",148553006,"SEVENTH STREET HORDEN","54.764915, -1.3154537",5,107,NA,107,8,56,"2024-02-25 18:00:00.000","2024-03-21T12:00:00+00.00","2024-03-21T12:00:00+00.00"
"NPg_Substation_February2024","Northern Powergrid","NPg",148553006,"SEVENTH STREET HORDEN","54.764915, -1.3154537",5,91,NA,91,8,80,"2024-02-25 18:30:00.000","2024-03-21T12:00:00+00.00","2024-03-21T12:00:00+00.00"
"NPg_Substation_February2024","Northern Powergrid","NPg",148553006,"SEVENTH STREET HORDEN","54.764915, -1.3154537",5,136,NA,136,8,158,"2024-02-25 19:00:00.000","2024-03-21T12:00:00+00.00","2024-03-21T12:00:00+00.00"
"NPg_Substation_February2024","Northern Powergrid","NPg",148553006,"SEVENTH STREET HORDEN","54.764915, -1.3154537",5,458,NA,458,8,197,"2024-02-25 19:30:00.000","2024-03-21T12:00:00+00.00","2024-03-21T12:00:00+00.00"
"NPg_Substation_February2024","Northern Powergrid","NPg",148553006,"SEVENTH STREET HORDEN","54.764915, -1.3154537",5,354,NA,354,8,126,"2024-02-25 20:00:00.000","2024-03-21T12:00:00+00.00","2024-03-21T12:00:00+00.00"
"NPg_Substation_February2024","Northern Powergrid","NPg",148553006,"SEVENTH STREET HORDEN","54.764915, -1.3154537",5,215,NA,215,8,117,"2024-02-25 20:30:00.000","2024-03-21T12:00:00+00.00","2024-03-21T12:00:00+00.00"
"NPg_Substation_February2024","Northern Powergrid","NPg",148553006,"SEVENTH STREET HORDEN","54.764915, -1.3154537",5,2282,NA,2282,8,143,"2024-02-25 21:00:00.000","2024-03-21T12:00:00+00.00","2024-03-21T12:00:00+00.00"
"NPg_Substation_February2024","Northern Powergrid","NPg",148553006,"SEVENTH STREET HORDEN","54.764915, -1.3154537",5,552,NA,552,8,99,"2024-02-25 21:30:00.000","2024-03-21T12:00:00+00.00","2024-03-21T12:00:00+00.00"
"NPg_Substation_February2024","Northern Powergrid","NPg",148553006,"SEVENTH STREET HORDEN","54.764915, -1.3154537",5,156,NA,156,8,59,"2024-02-25 22:00:00.000","2024-03-21T12:00:00+00.00","2024-03-21T12:00:00+00.00"
"NPg_Substation_February2024","Northern Powergrid","NPg",148553006,"SEVENTH STREET HORDEN","54.764915, -1.3154537",5,123,NA,123,8,29,"2024-02-25 22:30:00.000","2024-03-21T12:00:00+00.00","2024-03-21T12:00:00+00.00"
"NPg_Substation_February2024","Northern Powergrid","NPg",148553006,"SEVENTH STREET HORDEN","54.764915, -1.3154537",5,167,NA,167,8,137,"2024-02-25 23:00:00.000","2024-03-21T12:00:00+00.00","2024-03-21T12:00:00+00.00"
"NPg_Substation_February2024","Northern Powergrid","NPg",148553006,"SEVENTH STREET HORDEN","54.764915, -1.3154537",5,196,NA,196,8,121,"2024-02-25 23:30:00.000","2024-03-21T12:00:00+00.00","2024-03-21T12:00:00+00.00"
"NPg_Substation_February2024","Northern Powergrid","NPg",148553006,"SEVENTH STREET HORDEN","54.764915, -1.3154537",5,490,NA,490,8,85,"2024-02-26 00:00:00.000","2024-03-21T12:00:00+00.00","2024-03-21T12:00:00+00.00"
"NPg_Substation_February2024","Northern Powergrid","NPg",148553006,"SEVENTH STREET HORDEN","54.764915, -1.3154537",5,123,NA,123,8,47,"2024-02-26 00:30:00.000","2024-03-21T12:00:00+00.00","2024-03-21T12:00:00+00.00"
"NPg_Substation_February2024","Northern Powergrid","NPg",148553006,"SEVENTH STREET HORDEN","54.764915, -1.3154537",5,871,NA,871,8,38,"2024-02-26 01:00:00.000","2024-03-21T12:00:00+00.00","2024-03-21T12:00:00+00.00"
"NPg_Substation_February2024","Northern Powergrid","NPg",148553006,"SEVENTH STREET HORDEN","54.764915, -1.3154537",5,682,NA,682,8,57,"2024-02-26 01:30:00.000","2024-03-21T12:00:00+00.00","2024-03-21T12:00:00+00.00"
"NPg_Substation_February2024","Northern Powergrid","NPg",148553006,"SEVENTH STREET HORDEN","54.764915, -1.3154537",5,738,NA,738,8,61,"2024-02-26 02:00:00.000","2024-03-21T12:00:00+00.00","2024-03-21T12:00:00+00.00"
"NPg_Substation_February2024","Northern Powergrid","NPg",148553006,"SEVENTH STREET HORDEN","54.764915, -1.3154537",5,1208,NA,1208,8,56,"2024-02-26 02:30:00.000","2024-03-21T12:00:00+00.00","2024-03-21T12:00:00+00.00"
"NPg_Substation_February2024","Northern Powergrid","NPg",148553006,"SEVENTH STREET HORDEN","54.764915, -1.3154537",5,154,NA,154,8,113,"2024-02-26 03:00:00.000","2024-03-21T12:00:00+00.00","2024-03-21T12:00:00+00.00"
"NPg_Substation_February2024","Northern Powergrid","NPg",148553006,"SEVENTH STREET HORDEN","54.764915, -1.3154537",5,163,NA,163,8,117,"2024-02-26 03:30:00.000","2024-03-21T12:00:00+00.00","2024-03-21T12:00:00+00.00"
"NPg_Substation_February2024","Northern Powergrid","NPg",148553006,"SEVENTH STREET HORDEN","54.764915, -1.3154537",5,141,NA,141,8,72,"2024-02-26 04:00:00.000","2024-03-21T12:00:00+00.00","2024-03-21T12:00:00+00.00"
"NPg_Substation_February2024","Northern Powergrid","NPg",148553006,"SEVENTH STREET HORDEN","54.764915, -1.3154537",5,103,NA,103,8,61,"2024-02-26 04:30:00.000","2024-03-21T12:00:00+00.00","2024-03-21T12:00:00+00.00"
"NPg_Substation_February2024","Northern Powergrid","NPg",148553006,"SEVENTH STREET HORDEN","54.764915, -1.3154537",5,117,NA,117,8,47,"2024-02-26 05:00:00.000","2024-03-21T12:00:00+00.00","2024-03-21T12:00:00+00.00"
"NPg_Substation_February2024","Northern Powergrid","NPg",148553006,"SEVENTH STREET HORDEN","54.764915, -1.3154537",5,99,NA,99,8,32,"2024-02-26 05:30:00.000","2024-03-21T12:00:00+00.00","2024-03-21T12:00:00+00.00"
"NPg_Substation_February2024","Northern Powergrid","NPg",148553006,"SEVENTH STREET HORDEN","54.764915, -1.3154537",5,69,NA,69,8,59,"2024-02-26 06:00:00.000","2024-03-21T12:00:00+00.00","2024-03-21T12:00:00+00.00"
"NPg_Substation_February2024","Northern Powergrid","NPg",148553006,"SEVENTH STREET HORDEN","54.764915, -1.3154537",5,125,NA,125,8,62,"2024-02-26 06:30:00.000","2024-03-21T12:00:00+00.00","2024-03-21T12:00:00+00.00"
"NPg_Substation_February2024","Northern Powergrid","NPg",148553006,"SEVENTH STREET HORDEN","54.764915, -1.3154537",5,178,NA,178,8,87,"2024-02-26 07:00:00.000","2024-03-21T12:00:00+00.00","2024-03-21T12:00:00+00.00"
"NPg_Substation_February2024","Northern Powergrid","NPg",148553006,"SEVENTH STREET HORDEN","54.764915, -1.3154537",5,250,NA,250,8,266,"2024-02-26 07:30:00.000","2024-03-21T12:00:00+00.00","2024-03-21T12:00:00+00.00"
"NPg_Substation_February2024","Northern Powergrid","NPg",148553006,"SEVENTH STREET HORDEN","54.764915, -1.3154537",5,336,NA,336,8,76,"2024-02-26 08:00:00.000","2024-03-21T12:00:00+00.00","2024-03-21T12:00:00+00.00"
"NPg_Substation_February2024","Northern Powergrid","NPg",148553006,"SEVENTH STREET HORDEN","54.764915, -1.3154537",5,404,NA,404,8,26,"2024-02-26 08:30:00.000","2024-03-21T12:00:00+00.00","2024-03-21T12:00:00+00.00"
"NPg_Substation_February2024","Northern Powergrid","NPg",148553006,"SEVENTH STREET HORDEN","54.764915, -1.3154537",5,376,NA,376,8,12,"2024-02-26 09:00:00.000","2024-03-21T12:00:00+00.00","2024-03-21T12:00:00+00.00"
"NPg_Substation_February2024","Northern Powergrid","NPg",148553006,"SEVENTH STREET HORDEN","54.764915, -1.3154537",5,378,NA,378,8,12,"2024-02-26 09:30:00.000","2024-03-21T12:00:00+00.00","2024-03-21T12:00:00+00.00"
"NPg_Substation_February2024","Northern Powergrid","NPg",148553006,"SEVENTH STREET HORDEN","54.764915, -1.3154537",5,557,NA,557,8,22,"2024-02-26 10:00:00.000","2024-03-21T12:00:00+00.00","2024-03-21T12:00:00+00.00"
"NPg_Substation_February2024","Northern Powergrid","NPg",148553006,"SEVENTH STREET HORDEN","54.764915, -1.3154537",5,707,NA,707,8,14,"2024-02-26 10:30:00.000","2024-03-21T12:00:00+00.00","2024-03-21T12:00:00+00.00"
"NPg_Substation_February2024","Northern Powergrid","NPg",148553006,"SEVENTH STREET HORDEN","54.764915, -1.3154537",5,655,NA,655,8,91,"2024-02-26 11:00:00.000","2024-03-21T12:00:00+00.00","2024-03-21T12:00:00+00.00"
"NPg_Substation_February2024","Northern Powergrid","NPg",148553006,"SEVENTH STREET HORDEN","54.764915, -1.3154537",5,743,NA,743,8,81,"2024-02-26 11:30:00.000","2024-03-21T12:00:00+00.00","2024-03-21T12:00:00+00.00"
"NPg_Substation_February2024","Northern Powergrid","NPg",148553006,"SEVENTH STREET HORDEN","54.764915, -1.3154537",5,431,NA,431,8,41,"2024-02-26 12:00:00.000","2024-03-21T12:00:00+00.00","2024-03-21T12:00:00+00.00"
"NPg_Substation_February2024","Northern Powergrid","NPg",148553006,"SEVENTH STREET HORDEN","54.764915, -1.3154537",5,429,NA,429,8,11,"2024-02-26 12:30:00.000","2024-03-21T12:00:00+00.00","2024-03-21T12:00:00+00.00"
"NPg_Substation_February2024","Northern Powergrid","NPg",148553006,"SEVENTH STREET HORDEN","54.764915, -1.3154537",5,364,NA,364,8,16,"2024-02-26 13:00:00.000","2024-03-21T12:00:00+00.00","2024-03-21T12:00:00+00.00"
"NPg_Substation_February2024","Northern Powergrid","NPg",148553006,"SEVENTH STREET HORDEN","54.764915, -1.3154537",5,709,NA,709,8,47,"2024-02-26 13:30:00.000","2024-03-21T12:00:00+00.00","2024-03-21T12:00:00+00.00"
"NPg_Substation_February2024","Northern Powergrid","NPg",148553006,"SEVENTH STREET HORDEN","54.764915, -1.3154537",5,545,NA,545,8,27,"2024-02-26 14:00:00.000","2024-03-21T12:00:00+00.00","2024-03-21T12:00:00+00.00"
"NPg_Substation_February2024","Northern Powergrid","NPg",148553006,"SEVENTH STREET HORDEN","54.764915, -1.3154537",5,141,NA,141,8,13,"2024-02-26 14:30:00.000","2024-03-21T12:00:00+00.00","2024-03-21T12:00:00+00.00"
"NPg_Substation_February2024","Northern Powergrid","NPg",148553006,"SEVENTH STREET HORDEN","54.764915, -1.3154537",5,829,NA,829,8,70,"2024-02-26 15:00:00.000","2024-03-21T12:00:00+00.00","2024-03-21T12:00:00+00.00"
"NPg_Substation_February2024","Northern Powergrid","NPg",148553006,"SEVENTH STREET HORDEN","54.764915, -1.3154537",5,1320,NA,1320,8,105,"2024-02-26 15:30:00.000","2024-03-21T12:00:00+00.00","2024-03-21T12:00:00+00.00"
"NPg_Substation_February2024","Northern Powergrid","NPg",148553006,"SEVENTH STREET HORDEN","54.764915, -1.3154537",5,3309,NA,3309,8,52,"2024-02-26 16:00:00.000","2024-03-21T12:00:00+00.00","2024-03-21T12:00:00+00.00"
"NPg_Substation_February2024","Northern Powergrid","NPg",148553006,"SEVENTH STREET HORDEN","54.764915, -1.3154537",5,2422,NA,2422,8,11,"2024-02-26 16:30:00.000","2024-03-21T12:00:00+00.00","2024-03-21T12:00:00+00.00"
"NPg_Substation_February2024","Northern Powergrid","NPg",148553006,"SEVENTH STREET HORDEN","54.764915, -1.3154537",5,414,NA,414,8,20,"2024-02-26 17:00:00.000","2024-03-21T12:00:00+00.00","2024-03-21T12:00:00+00.00"
"NPg_Substation_February2024","Northern Powergrid","NPg",148553006,"SEVENTH STREET HORDEN","54.764915, -1.3154537",5,539,NA,539,8,34,"2024-02-26 17:30:00.000","2024-03-21T12:00:00+00.00","2024-03-21T12:00:00+00.00"
"NPg_Substation_February2024","Northern Powergrid","NPg",148553006,"SEVENTH STREET HORDEN","54.764915, -1.3154537",5,460,NA,460,8,60,"2024-02-26 18:00:00.000","2024-03-21T12:00:00+00.00","2024-03-21T12:00:00+00.00"
"NPg_Substation_February2024","Northern Powergrid","NPg",148553006,"SEVENTH STREET HORDEN","54.764915, -1.3154537",5,489,NA,489,8,39,"2024-02-26 18:30:00.000","2024-03-21T12:00:00+00.00","2024-03-21T12:00:00+00.00"
"NPg_Substation_February2024","Northern Powergrid","NPg",148553006,"SEVENTH STREET HORDEN","54.764915, -1.3154537",5,435,NA,435,8,58,"2024-02-26 19:00:00.000","2024-03-21T12:00:00+00.00","2024-03-21T12:00:00+00.00"
"NPg_Substation_February2024","Northern Powergrid","NPg",148553006,"SEVENTH STREET HORDEN","54.764915, -1.3154537",5,874,NA,874,8,225,"2024-02-26 19:30:00.000","2024-03-21T12:00:00+00.00","2024-03-21T12:00:00+00.00"
"NPg_Substation_February2024","Northern Powergrid","NPg",148553006,"SEVENTH STREET HORDEN","54.764915, -1.3154537",5,867,NA,867,8,98,"2024-02-26 20:00:00.000","2024-03-21T12:00:00+00.00","2024-03-21T12:00:00+00.00"
"NPg_Substation_February2024","Northern Powergrid","NPg",148553006,"SEVENTH STREET HORDEN","54.764915, -1.3154537",5,1005,NA,1005,8,31,"2024-02-26 20:30:00.000","2024-03-21T12:00:00+00.00","2024-03-21T12:00:00+00.00"
"NPg_Substation_February2024","Northern Powergrid","NPg",148553006,"SEVENTH STREET HORDEN","54.764915, -1.3154537",5,1220,NA,1220,8,36,"2024-02-26 21:00:00.000","2024-03-21T12:00:00+00.00","2024-03-21T12:00:00+00.00"
"NPg_Substation_February2024","Northern Powergrid","NPg",148553006,"SEVENTH STREET HORDEN","54.764915, -1.3154537",5,572,NA,572,8,45,"2024-02-26 21:30:00.000","2024-03-21T12:00:00+00.00","2024-03-21T12:00:00+00.00"
"NPg_Substation_February2024","Northern Powergrid","NPg",148553006,"SEVENTH STREET HORDEN","54.764915, -1.3154537",5,368,NA,368,8,72,"2024-02-26 22:00:00.000","2024-03-21T12:00:00+00.00","2024-03-21T12:00:00+00.00"
"NPg_Substation_February2024","Northern Powergrid","NPg",148553006,"SEVENTH STREET HORDEN","54.764915, -1.3154537",5,194,NA,194,8,36,"2024-02-26 22:30:00.000","2024-03-21T12:00:00+00.00","2024-03-21T12:00:00+00.00"
"NPg_Substation_February2024","Northern Powergrid","NPg",148553006,"SEVENTH STREET HORDEN","54.764915, -1.3154537",5,330,NA,330,8,57,"2024-02-26 23:00:00.000","2024-03-21T12:00:00+00.00","2024-03-21T12:00:00+00.00"
"NPg_Substation_February2024","Northern Powergrid","NPg",148553006,"SEVENTH STREET HORDEN","54.764915, -1.3154537",5,287,NA,287,8,114,"2024-02-26 23:30:00.000","2024-03-21T12:00:00+00.00","2024-03-21T12:00:00+00.00"
"NPg_Substation_February2024","Northern Powergrid","NPg",148553006,"SEVENTH STREET HORDEN","54.764915, -1.3154537",5,195,NA,195,8,78,"2024-02-27 00:00:00.000","2024-03-21T12:00:00+00.00","2024-03-21T12:00:00+00.00"
"NPg_Substation_February2024","Northern Powergrid","NPg",148553006,"SEVENTH STREET HORDEN","54.764915, -1.3154537",5,293,NA,293,8,44,"2024-02-27 00:30:00.000","2024-03-21T12:00:00+00.00","2024-03-21T12:00:00+00.00"
"NPg_Substation_February2024","Northern Powergrid","NPg",148553006,"SEVENTH STREET HORDEN","54.764915, -1.3154537",5,162,NA,162,8,43,"2024-02-27 01:00:00.000","2024-03-21T12:00:00+00.00","2024-03-21T12:00:00+00.00"
"NPg_Substation_February2024","Northern Powergrid","NPg",148553006,"SEVENTH STREET HORDEN","54.764915, -1.3154537",5,278,NA,278,8,56,"2024-02-27 01:30:00.000","2024-03-21T12:00:00+00.00","2024-03-21T12:00:00+00.00"
"NPg_Substation_February2024","Northern Powergrid","NPg",148553006,"SEVENTH STREET HORDEN","54.764915, -1.3154537",5,163,NA,163,8,38,"2024-02-27 02:00:00.000","2024-03-21T12:00:00+00.00","2024-03-21T12:00:00+00.00"
"NPg_Substation_February2024","Northern Powergrid","NPg",148553006,"SEVENTH STREET HORDEN","54.764915, -1.3154537",5,154,NA,154,8,20,"2024-02-27 02:30:00.000","2024-03-21T12:00:00+00.00","2024-03-21T12:00:00+00.00"
"NPg_Substation_February2024","Northern Powergrid","NPg",148553006,"SEVENTH STREET HORDEN","54.764915, -1.3154537",5,213,NA,213,8,66,"2024-02-27 03:00:00.000","2024-03-21T12:00:00+00.00","2024-03-21T12:00:00+00.00"
"NPg_Substation_February2024","Northern Powergrid","NPg",148553006,"SEVENTH STREET HORDEN","54.764915, -1.3154537",5,171,NA,171,8,114,"2024-02-27 03:30:00.000","2024-03-21T12:00:00+00.00","2024-03-21T12:00:00+00.00"
"NPg_Substation_February2024","Northern Powergrid","NPg",148553006,"SEVENTH STREET HORDEN","54.764915, -1.3154537",5,250,NA,250,8,102,"2024-02-27 04:00:00.000","2024-03-21T12:00:00+00.00","2024-03-21T12:00:00+00.00"
"NPg_Substation_February2024","Northern Powergrid","NPg",148553006,"SEVENTH STREET HORDEN","54.764915, -1.3154537",5,136,NA,136,8,32,"2024-02-27 04:30:00.000","2024-03-21T12:00:00+00.00","2024-03-21T12:00:00+00.00"
"NPg_Substation_February2024","Northern Powergrid","NPg",148553006,"SEVENTH STREET HORDEN","54.764915, -1.3154537",5,206,NA,206,8,61,"2024-02-27 05:00:00.000","2024-03-21T12:00:00+00.00","2024-03-21T12:00:00+00.00"
"NPg_Substation_February2024","Northern Powergrid","NPg",148553006,"SEVENTH STREET HORDEN","54.764915, -1.3154537",5,200,NA,200,8,21,"2024-02-27 05:30:00.000","2024-03-21T12:00:00+00.00","2024-03-21T12:00:00+00.00"
"NPg_Substation_February2024","Northern Powergrid","NPg",148553006,"SEVENTH STREET HORDEN","54.764915, -1.3154537",5,146,NA,146,8,34,"2024-02-27 06:00:00.000","2024-03-21T12:00:00+00.00","2024-03-21T12:00:00+00.00"
"NPg_Substation_February2024","Northern Powergrid","NPg",148553006,"SEVENTH STREET HORDEN","54.764915, -1.3154537",5,199,NA,199,8,28,"2024-02-27 06:30:00.000","2024-03-21T12:00:00+00.00","2024-03-21T12:00:00+00.00"
"NPg_Substation_February2024","Northern Powergrid","NPg",148553006,"SEVENTH STREET HORDEN","54.764915, -1.3154537",5,158,NA,158,8,76,"2024-02-27 07:00:00.000","2024-03-21T12:00:00+00.00","2024-03-21T12:00:00+00.00"
"NPg_Substation_February2024","Northern Powergrid","NPg",148553006,"SEVENTH STREET HORDEN","54.764915, -1.3154537",5,424,NA,424,8,119,"2024-02-27 07:30:00.000","2024-03-21T12:00:00+00.00","2024-03-21T12:00:00+00.00"
"NPg_Substation_February2024","Northern Powergrid","NPg",148553006,"SEVENTH STREET HORDEN","54.764915, -1.3154537",5,238,NA,238,8,103,"2024-02-27 08:00:00.000","2024-03-21T12:00:00+00.00","2024-03-21T12:00:00+00.00"
"NPg_Substation_February2024","Northern Powergrid","NPg",148553006,"SEVENTH STREET HORDEN","54.764915, -1.3154537",5,458,NA,458,8,23,"2024-02-27 08:30:00.000","2024-03-21T12:00:00+00.00","2024-03-21T12:00:00+00.00"
"NPg_Substation_February2024","Northern Powergrid","NPg",148553006,"SEVENTH STREET HORDEN","54.764915, -1.3154537",5,455,NA,455,8,23,"2024-02-27 09:00:00.000","2024-03-21T12:00:00+00.00","2024-03-21T12:00:00+00.00"
"NPg_Substation_February2024","Northern Powergrid","NPg",148553006,"SEVENTH STREET HORDEN","54.764915, -1.3154537",5,461,NA,461,8,19,"2024-02-27 09:30:00.000","2024-03-21T12:00:00+00.00","2024-03-21T12:00:00+00.00"
"NPg_Substation_February2024","Northern Powergrid","NPg",148553006,"SEVENTH STREET HORDEN","54.764915, -1.3154537",5,464,NA,464,8,6,"2024-02-27 10:00:00.000","2024-03-21T12:00:00+00.00","2024-03-21T12:00:00+00.00"
"NPg_Substation_February2024","Northern Powergrid","NPg",148553006,"SEVENTH STREET HORDEN","54.764915, -1.3154537",5,535,NA,535,8,14,"2024-02-27 10:30:00.000","2024-03-21T12:00:00+00.00","2024-03-21T12:00:00+00.00"
"NPg_Substation_February2024","Northern Powergrid","NPg",148553006,"SEVENTH STREET HORDEN","54.764915, -1.3154537",5,469,NA,469,8,144,"2024-02-27 11:00:00.000","2024-03-21T12:00:00+00.00","2024-03-21T12:00:00+00.00"
"NPg_Substation_February2024","Northern Powergrid","NPg",148553006,"SEVENTH STREET HORDEN","54.764915, -1.3154537",5,417,NA,417,8,95,"2024-02-27 11:30:00.000","2024-03-21T12:00:00+00.00","2024-03-21T12:00:00+00.00"
"NPg_Substation_February2024","Northern Powergrid","NPg",148553006,"SEVENTH STREET HORDEN","54.764915, -1.3154537",5,571,NA,571,8,75,"2024-02-27 12:00:00.000","2024-03-21T12:00:00+00.00","2024-03-21T12:00:00+00.00"
"NPg_Substation_February2024","Northern Powergrid","NPg",148553006,"SEVENTH STREET HORDEN","54.764915, -1.3154537",5,939,NA,939,8,11,"2024-02-27 12:30:00.000","2024-03-21T12:00:00+00.00","2024-03-21T12:00:00+00.00"
"NPg_Substation_February2024","Northern Powergrid","NPg",148553006,"SEVENTH STREET HORDEN","54.764915, -1.3154537",5,772,NA,772,8,22,"2024-02-27 13:00:00.000","2024-03-21T12:00:00+00.00","2024-03-21T12:00:00+00.00"
"NPg_Substation_February2024","Northern Powergrid","NPg",148553006,"SEVENTH STREET HORDEN","54.764915, -1.3154537",5,480,NA,480,8,11,"2024-02-27 13:30:00.000","2024-03-21T12:00:00+00.00","2024-03-21T12:00:00+00.00"
"NPg_Substation_February2024","Northern Powergrid","NPg",148553006,"SEVENTH STREET HORDEN","54.764915, -1.3154537",5,283,NA,283,8,17,"2024-02-27 14:00:00.000","2024-03-21T12:00:00+00.00","2024-03-21T12:00:00+00.00"
"NPg_Substation_February2024","Northern Powergrid","NPg",148553006,"SEVENTH STREET HORDEN","54.764915, -1.3154537",5,449,NA,449,8,78,"2024-02-27 14:30:00.000","2024-03-21T12:00:00+00.00","2024-03-21T12:00:00+00.00"
"NPg_Substation_February2024","Northern Powergrid","NPg",148553006,"SEVENTH STREET HORDEN","54.764915, -1.3154537",5,415,NA,415,8,212,"2024-02-27 15:00:00.000","2024-03-21T12:00:00+00.00","2024-03-21T12:00:00+00.00"
"NPg_Substation_February2024","Northern Powergrid","NPg",148553006,"SEVENTH STREET HORDEN","54.764915, -1.3154537",5,649,NA,649,8,86,"2024-02-27 15:30:00.000","2024-03-21T12:00:00+00.00","2024-03-21T12:00:00+00.00"
"NPg_Substation_February2024","Northern Powergrid","NPg",148553006,"SEVENTH STREET HORDEN","54.764915, -1.3154537",5,558,NA,558,8,67,"2024-02-27 16:00:00.000","2024-03-21T12:00:00+00.00","2024-03-21T12:00:00+00.00"
"NPg_Substation_February2024","Northern Powergrid","NPg",148553006,"SEVENTH STREET HORDEN","54.764915, -1.3154537",5,159,NA,159,8,16,"2024-02-27 16:30:00.000","2024-03-21T12:00:00+00.00","2024-03-21T12:00:00+00.00"
"NPg_Substation_February2024","Northern Powergrid","NPg",148553006,"SEVENTH STREET HORDEN","54.764915, -1.3154537",5,254,NA,254,8,4,"2024-02-27 17:00:00.000","2024-03-21T12:00:00+00.00","2024-03-21T12:00:00+00.00"
"NPg_Substation_February2024","Northern Powergrid","NPg",148553006,"SEVENTH STREET HORDEN","54.764915, -1.3154537",5,345,NA,345,8,11,"2024-02-27 17:30:00.000","2024-03-21T12:00:00+00.00","2024-03-21T12:00:00+00.00"
"NPg_Substation_February2024","Northern Powergrid","NPg",148553006,"SEVENTH STREET HORDEN","54.764915, -1.3154537",5,183,NA,183,8,46,"2024-02-27 18:00:00.000","2024-03-21T12:00:00+00.00","2024-03-21T12:00:00+00.00"
"NPg_Substation_February2024","Northern Powergrid","NPg",148553006,"SEVENTH STREET HORDEN","54.764915, -1.3154537",5,357,NA,357,8,67,"2024-02-27 18:30:00.000","2024-03-21T12:00:00+00.00","2024-03-21T12:00:00+00.00"
"NPg_Substation_February2024","Northern Powergrid","NPg",148553006,"SEVENTH STREET HORDEN","54.764915, -1.3154537",5,212,NA,212,8,118,"2024-02-27 19:00:00.000","2024-03-21T12:00:00+00.00","2024-03-21T12:00:00+00.00"
"NPg_Substation_February2024","Northern Powergrid","NPg",148553006,"SEVENTH STREET HORDEN","54.764915, -1.3154537",5,975,NA,975,8,367,"2024-02-27 19:30:00.000","2024-03-21T12:00:00+00.00","2024-03-21T12:00:00+00.00"
"NPg_Substation_February2024","Northern Powergrid","NPg",148553006,"SEVENTH STREET HORDEN","54.764915, -1.3154537",5,473,NA,473,8,188,"2024-02-27 20:00:00.000","2024-03-21T12:00:00+00.00","2024-03-21T12:00:00+00.00"
"NPg_Substation_February2024","Northern Powergrid","NPg",148553006,"SEVENTH STREET HORDEN","54.764915, -1.3154537",5,309,NA,309,8,105,"2024-02-27 20:30:00.000","2024-03-21T12:00:00+00.00","2024-03-21T12:00:00+00.00"
"NPg_Substation_February2024","Northern Powergrid","NPg",148553006,"SEVENTH STREET HORDEN","54.764915, -1.3154537",5,278,NA,278,8,68,"2024-02-27 21:00:00.000","2024-03-21T12:00:00+00.00","2024-03-21T12:00:00+00.00"
"NPg_Substation_February2024","Northern Powergrid","NPg",148553006,"SEVENTH STREET HORDEN","54.764915, -1.3154537",5,203,NA,203,8,46,"2024-02-27 21:30:00.000","2024-03-21T12:00:00+00.00","2024-03-21T12:00:00+00.00"
"NPg_Substation_February2024","Northern Powergrid","NPg",148553006,"SEVENTH STREET HORDEN","54.764915, -1.3154537",5,310,NA,310,8,38,"2024-02-27 22:00:00.000","2024-03-21T12:00:00+00.00","2024-03-21T12:00:00+00.00"
"NPg_Substation_February2024","Northern Powergrid","NPg",148553006,"SEVENTH STREET HORDEN","54.764915, -1.3154537",5,210,NA,210,8,43,"2024-02-27 22:30:00.000","2024-03-21T12:00:00+00.00","2024-03-21T12:00:00+00.00"
"NPg_Substation_February2024","Northern Powergrid","NPg",148553006,"SEVENTH STREET HORDEN","54.764915, -1.3154537",5,221,NA,221,8,32,"2024-02-27 23:00:00.000","2024-03-21T12:00:00+00.00","2024-03-21T12:00:00+00.00"
"NPg_Substation_February2024","Northern Powergrid","NPg",148553006,"SEVENTH STREET HORDEN","54.764915, -1.3154537",5,268,NA,268,8,115,"2024-02-27 23:30:00.000","2024-03-21T12:00:00+00.00","2024-03-21T12:00:00+00.00"
"NPg_Substation_February2024","Northern Powergrid","NPg",148553006,"SEVENTH STREET HORDEN","54.764915, -1.3154537",5,231,NA,231,8,108,"2024-02-28 00:00:00.000","2024-03-21T12:00:00+00.00","2024-03-21T12:00:00+00.00"
"NPg_Substation_February2024","Northern Powergrid","NPg",148553006,"SEVENTH STREET HORDEN","54.764915, -1.3154537",5,267,NA,267,8,107,"2024-02-28 00:30:00.000","2024-03-21T12:00:00+00.00","2024-03-21T12:00:00+00.00"
"NPg_Substation_February2024","Northern Powergrid","NPg",148553006,"SEVENTH STREET HORDEN","54.764915, -1.3154537",5,98,NA,98,8,71,"2024-02-28 01:00:00.000","2024-03-21T12:00:00+00.00","2024-03-21T12:00:00+00.00"
"NPg_Substation_February2024","Northern Powergrid","NPg",148553006,"SEVENTH STREET HORDEN","54.764915, -1.3154537",5,254,NA,254,8,38,"2024-02-28 01:30:00.000","2024-03-21T12:00:00+00.00","2024-03-21T12:00:00+00.00"
"NPg_Substation_February2024","Northern Powergrid","NPg",148553006,"SEVENTH STREET HORDEN","54.764915, -1.3154537",5,150,NA,150,8,46,"2024-02-28 02:00:00.000","2024-03-21T12:00:00+00.00","2024-03-21T12:00:00+00.00"
"NPg_Substation_February2024","Northern Powergrid","NPg",148553006,"SEVENTH STREET HORDEN","54.764915, -1.3154537",5,158,NA,158,8,48,"2024-02-28 02:30:00.000","2024-03-21T12:00:00+00.00","2024-03-21T12:00:00+00.00"
"NPg_Substation_February2024","Northern Powergrid","NPg",148553006,"SEVENTH STREET HORDEN","54.764915, -1.3154537",5,196,NA,196,8,69,"2024-02-28 03:00:00.000","2024-03-21T12:00:00+00.00","2024-03-21T12:00:00+00.00"
"NPg_Substation_February2024","Northern Powergrid","NPg",148553006,"SEVENTH STREET HORDEN","54.764915, -1.3154537",5,222,NA,222,8,112,"2024-02-28 03:30:00.000","2024-03-21T12:00:00+00.00","2024-03-21T12:00:00+00.00"
"NPg_Substation_February2024","Northern Powergrid","NPg",148553006,"SEVENTH STREET HORDEN","54.764915, -1.3154537",5,318,NA,318,8,107,"2024-02-28 04:00:00.000","2024-03-21T12:00:00+00.00","2024-03-21T12:00:00+00.00"
"NPg_Substation_February2024","Northern Powergrid","NPg",148553006,"SEVENTH STREET HORDEN","54.764915, -1.3154537",5,144,NA,144,8,62,"2024-02-28 04:30:00.000","2024-03-21T12:00:00+00.00","2024-03-21T12:00:00+00.00"
"NPg_Substation_February2024","Northern Powergrid","NPg",148553006,"SEVENTH STREET HORDEN","54.764915, -1.3154537",5,172,NA,172,8,54,"2024-02-28 05:00:00.000","2024-03-21T12:00:00+00.00","2024-03-21T12:00:00+00.00"
"NPg_Substation_February2024","Northern Powergrid","NPg",148553006,"SEVENTH STREET HORDEN","54.764915, -1.3154537",5,154,NA,154,8,44,"2024-02-28 05:30:00.000","2024-03-21T12:00:00+00.00","2024-03-21T12:00:00+00.00"
"NPg_Substation_February2024","Northern Powergrid","NPg",148553006,"SEVENTH STREET HORDEN","54.764915, -1.3154537",5,135,NA,135,8,27,"2024-02-28 06:00:00.000","2024-03-21T12:00:00+00.00","2024-03-21T12:00:00+00.00"
"NPg_Substation_February2024","Northern Powergrid","NPg",148553006,"SEVENTH STREET HORDEN","54.764915, -1.3154537",5,197,NA,197,8,41,"2024-02-28 06:30:00.000","2024-03-21T12:00:00+00.00","2024-03-21T12:00:00+00.00"
"NPg_Substation_February2024","Northern Powergrid","NPg",148553006,"SEVENTH STREET HORDEN","54.764915, -1.3154537",5,137,NA,137,8,108,"2024-02-28 07:00:00.000","2024-03-21T12:00:00+00.00","2024-03-21T12:00:00+00.00"
"NPg_Substation_February2024","Northern Powergrid","NPg",148553006,"SEVENTH STREET HORDEN","54.764915, -1.3154537",5,369,NA,369,8,137,"2024-02-28 07:30:00.000","2024-03-21T12:00:00+00.00","2024-03-21T12:00:00+00.00"
"NPg_Substation_February2024","Northern Powergrid","NPg",148553006,"SEVENTH STREET HORDEN","54.764915, -1.3154537",5,204,NA,204,8,74,"2024-02-28 08:00:00.000","2024-03-21T12:00:00+00.00","2024-03-21T12:00:00+00.00"
"NPg_Substation_February2024","Northern Powergrid","NPg",148553006,"SEVENTH STREET HORDEN","54.764915, -1.3154537",5,176,NA,176,8,10,"2024-02-28 08:30:00.000","2024-03-21T12:00:00+00.00","2024-03-21T12:00:00+00.00"
"NPg_Substation_February2024","Northern Powergrid","NPg",148553006,"SEVENTH STREET HORDEN","54.764915, -1.3154537",5,273,NA,273,8,14,"2024-02-28 09:00:00.000","2024-03-21T12:00:00+00.00","2024-03-21T12:00:00+00.00"
"NPg_Substation_February2024","Northern Powergrid","NPg",148553006,"SEVENTH STREET HORDEN","54.764915, -1.3154537",5,422,NA,422,8,24,"2024-02-28 09:30:00.000","2024-03-21T12:00:00+00.00","2024-03-21T12:00:00+00.00"
"NPg_Substation_February2024","Northern Powergrid","NPg",148553006,"SEVENTH STREET HORDEN","54.764915, -1.3154537",5,508,NA,508,8,11,"2024-02-28 10:00:00.000","2024-03-21T12:00:00+00.00","2024-03-21T12:00:00+00.00"
"NPg_Substation_February2024","Northern Powergrid","NPg",148553006,"SEVENTH STREET HORDEN","54.764915, -1.3154537",5,312,NA,312,8,6,"2024-02-28 10:30:00.000","2024-03-21T12:00:00+00.00","2024-03-21T12:00:00+00.00"
"NPg_Substation_February2024","Northern Powergrid","NPg",148553006,"SEVENTH STREET HORDEN","54.764915, -1.3154537",5,900,NA,900,8,21,"2024-02-28 11:00:00.000","2024-03-21T12:00:00+00.00","2024-03-21T12:00:00+00.00"
"NPg_Substation_February2024","Northern Powergrid","NPg",148553006,"SEVENTH STREET HORDEN","54.764915, -1.3154537",5,529,NA,529,8,87,"2024-02-28 11:30:00.000","2024-03-21T12:00:00+00.00","2024-03-21T12:00:00+00.00"
"NPg_Substation_February2024","Northern Powergrid","NPg",148553006,"SEVENTH STREET HORDEN","54.764915, -1.3154537",5,1406,NA,1406,8,100,"2024-02-28 12:00:00.000","2024-03-21T12:00:00+00.00","2024-03-21T12:00:00+00.00"
"NPg_Substation_February2024","Northern Powergrid","NPg",148553006,"SEVENTH STREET HORDEN","54.764915, -1.3154537",5,1102,NA,1102,8,32,"2024-02-28 12:30:00.000","2024-03-21T12:00:00+00.00","2024-03-21T12:00:00+00.00"
"NPg_Substation_February2024","Northern Powergrid","NPg",148553006,"SEVENTH STREET HORDEN","54.764915, -1.3154537",5,2920,NA,2920,8,24,"2024-02-28 13:00:00.000","2024-03-21T12:00:00+00.00","2024-03-21T12:00:00+00.00"
"NPg_Substation_February2024","Northern Powergrid","NPg",148553006,"SEVENTH STREET HORDEN","54.764915, -1.3154537",5,1005,NA,1005,8,145,"2024-02-28 13:30:00.000","2024-03-21T12:00:00+00.00","2024-03-21T12:00:00+00.00"
"NPg_Substation_February2024","Northern Powergrid","NPg",148553006,"SEVENTH STREET HORDEN","54.764915, -1.3154537",5,1183,NA,1183,8,35,"2024-02-28 14:00:00.000","2024-03-21T12:00:00+00.00","2024-03-21T12:00:00+00.00"
"NPg_Substation_February2024","Northern Powergrid","NPg",148553006,"SEVENTH STREET HORDEN","54.764915, -1.3154537",5,649,NA,649,8,20,"2024-02-28 14:30:00.000","2024-03-21T12:00:00+00.00","2024-03-21T12:00:00+00.00"
"NPg_Substation_February2024","Northern Powergrid","NPg",148553006,"SEVENTH STREET HORDEN","54.764915, -1.3154537",5,202,NA,202,8,147,"2024-02-28 15:00:00.000","2024-03-21T12:00:00+00.00","2024-03-21T12:00:00+00.00"
"NPg_Substation_February2024","Northern Powergrid","NPg",148553006,"SEVENTH STREET HORDEN","54.764915, -1.3154537",5,796,NA,796,8,82,"2024-02-28 15:30:00.000","2024-03-21T12:00:00+00.00","2024-03-21T12:00:00+00.00"
"NPg_Substation_February2024","Northern Powergrid","NPg",148553006,"SEVENTH STREET HORDEN","54.764915, -1.3154537",5,1895,NA,1895,8,85,"2024-02-28 16:00:00.000","2024-03-21T12:00:00+00.00","2024-03-21T12:00:00+00.00"
"NPg_Substation_February2024","Northern Powergrid","NPg",148553006,"SEVENTH STREET HORDEN","54.764915, -1.3154537",5,1133,NA,1133,8,54,"2024-02-28 16:30:00.000","2024-03-21T12:00:00+00.00","2024-03-21T12:00:00+00.00"
"NPg_Substation_February2024","Northern Powergrid","NPg",148553006,"SEVENTH STREET HORDEN","54.764915, -1.3154537",5,2643,NA,2643,8,73,"2024-02-28 17:00:00.000","2024-03-21T12:00:00+00.00","2024-03-21T12:00:00+00.00"
"NPg_Substation_February2024","Northern Powergrid","NPg",148553006,"SEVENTH STREET HORDEN","54.764915, -1.3154537",5,1429,NA,1429,8,41,"2024-02-28 17:30:00.000","2024-03-21T12:00:00+00.00","2024-03-21T12:00:00+00.00"
"NPg_Substation_February2024","Northern Powergrid","NPg",148553006,"SEVENTH STREET HORDEN","54.764915, -1.3154537",5,1255,NA,1255,8,68,"2024-02-28 18:00:00.000","2024-03-21T12:00:00+00.00","2024-03-21T12:00:00+00.00"
"NPg_Substation_February2024","Northern Powergrid","NPg",148553006,"SEVENTH STREET HORDEN","54.764915, -1.3154537",5,1194,NA,1194,8,71,"2024-02-28 18:30:00.000","2024-03-21T12:00:00+00.00","2024-03-21T12:00:00+00.00"
"NPg_Substation_February2024","Northern Powergrid","NPg",148553006,"SEVENTH STREET HORDEN","54.764915, -1.3154537",5,1973,NA,1973,8,56,"2024-02-28 19:00:00.000","2024-03-21T12:00:00+00.00","2024-03-21T12:00:00+00.00"
"NPg_Substation_February2024","Northern Powergrid","NPg",148553006,"SEVENTH STREET HORDEN","54.764915, -1.3154537",5,906,NA,906,8,201,"2024-02-28 19:30:00.000","2024-03-21T12:00:00+00.00","2024-03-21T12:00:00+00.00"
"NPg_Substation_February2024","Northern Powergrid","NPg",148553006,"SEVENTH STREET HORDEN","54.764915, -1.3154537",5,604,NA,604,8,186,"2024-02-28 20:00:00.000","2024-03-21T12:00:00+00.00","2024-03-21T12:00:00+00.00"
"NPg_Substation_February2024","Northern Powergrid","NPg",148553006,"SEVENTH STREET HORDEN","54.764915, -1.3154537",5,310,NA,310,8,125,"2024-02-28 20:30:00.000","2024-03-21T12:00:00+00.00","2024-03-21T12:00:00+00.00"
"NPg_Substation_February2024","Northern Powergrid","NPg",148553006,"SEVENTH STREET HORDEN","54.764915, -1.3154537",5,271,NA,271,8,66,"2024-02-28 21:00:00.000","2024-03-21T12:00:00+00.00","2024-03-21T12:00:00+00.00"
"NPg_Substation_February2024","Northern Powergrid","NPg",148553006,"SEVENTH STREET HORDEN","54.764915, -1.3154537",5,216,NA,216,8,45,"2024-02-28 21:30:00.000","2024-03-21T12:00:00+00.00","2024-03-21T12:00:00+00.00"
"NPg_Substation_February2024","Northern Powergrid","NPg",148553006,"SEVENTH STREET HORDEN","54.764915, -1.3154537",5,238,NA,238,8,42,"2024-02-28 22:00:00.000","2024-03-21T12:00:00+00.00","2024-03-21T12:00:00+00.00"
"NPg_Substation_February2024","Northern Powergrid","NPg",148553006,"SEVENTH STREET HORDEN","54.764915, -1.3154537",5,233,NA,233,8,38,"2024-02-28 22:30:00.000","2024-03-21T12:00:00+00.00","2024-03-21T12:00:00+00.00"
"NPg_Substation_February2024","Northern Powergrid","NPg",148553006,"SEVENTH STREET HORDEN","54.764915, -1.3154537",5,181,NA,181,8,39,"2024-02-28 23:00:00.000","2024-03-21T12:00:00+00.00","2024-03-21T12:00:00+00.00"
"NPg_Substation_February2024","Northern Powergrid","NPg",148553006,"SEVENTH STREET HORDEN","54.764915, -1.3154537",5,219,NA,219,8,62,"2024-02-28 23:30:00.000","2024-03-21T12:00:00+00.00","2024-03-21T12:00:00+00.00"
"NPg_Substation_February2024","Northern Powergrid","NPg",148553006,"SEVENTH STREET HORDEN","54.764915, -1.3154537",5,289,NA,289,8,119,"2024-02-29 00:00:00.000","2024-03-21T12:00:00+00.00","2024-03-21T12:00:00+00.00"
"NPg_Substation_February2024","Northern Powergrid","NPg",148553006,"SEVENTH STREET HORDEN","54.764915, -1.3154537",5,278,NA,278,8,121,"2024-02-29 00:30:00.000","2024-03-21T12:00:00+00.00","2024-03-21T12:00:00+00.00"
"NPg_Substation_February2024","Northern Powergrid","NPg",148553006,"SEVENTH STREET HORDEN","54.764915, -1.3154537",5,126,NA,126,8,43,"2024-02-29 01:00:00.000","2024-03-21T12:00:00+00.00","2024-03-21T12:00:00+00.00"
"NPg_Substation_February2024","Northern Powergrid","NPg",148553006,"SEVENTH STREET HORDEN","54.764915, -1.3154537",5,202,NA,202,8,31,"2024-02-29 01:30:00.000","2024-03-21T12:00:00+00.00","2024-03-21T12:00:00+00.00"
"NPg_Substation_February2024","Northern Powergrid","NPg",148553006,"SEVENTH STREET HORDEN","54.764915, -1.3154537",5,141,NA,141,8,70,"2024-02-29 02:00:00.000","2024-03-21T12:00:00+00.00","2024-03-21T12:00:00+00.00"
"NPg_Substation_February2024","Northern Powergrid","NPg",148553006,"SEVENTH STREET HORDEN","54.764915, -1.3154537",5,214,NA,214,8,61,"2024-02-29 02:30:00.000","2024-03-21T12:00:00+00.00","2024-03-21T12:00:00+00.00"
"NPg_Substation_February2024","Northern Powergrid","NPg",148553006,"SEVENTH STREET HORDEN","54.764915, -1.3154537",5,178,NA,178,8,34,"2024-02-29 03:00:00.000","2024-03-21T12:00:00+00.00","2024-03-21T12:00:00+00.00"
"NPg_Substation_February2024","Northern Powergrid","NPg",148553006,"SEVENTH STREET HORDEN","54.764915, -1.3154537",5,292,NA,292,8,48,"2024-02-29 03:30:00.000","2024-03-21T12:00:00+00.00","2024-03-21T12:00:00+00.00"
"NPg_Substation_February2024","Northern Powergrid","NPg",148553006,"SEVENTH STREET HORDEN","54.764915, -1.3154537",5,231,NA,231,8,120,"2024-02-29 04:00:00.000","2024-03-21T12:00:00+00.00","2024-03-21T12:00:00+00.00"
"NPg_Substation_February2024","Northern Powergrid","NPg",148553006,"SEVENTH STREET HORDEN","54.764915, -1.3154537",5,337,NA,337,8,119,"2024-02-29 04:30:00.000","2024-03-21T12:00:00+00.00","2024-03-21T12:00:00+00.00"
"NPg_Substation_February2024","Northern Powergrid","NPg",148553006,"SEVENTH STREET HORDEN","54.764915, -1.3154537",5,180,NA,180,8,109,"2024-02-29 05:00:00.000","2024-03-21T12:00:00+00.00","2024-03-21T12:00:00+00.00"
"NPg_Substation_February2024","Northern Powergrid","NPg",148553006,"SEVENTH STREET HORDEN","54.764915, -1.3154537",5,312,NA,312,8,46,"2024-02-29 05:30:00.000","2024-03-21T12:00:00+00.00","2024-03-21T12:00:00+00.00"
"NPg_Substation_February2024","Northern Powergrid","NPg",148553006,"SEVENTH STREET HORDEN","54.764915, -1.3154537",5,144,NA,144,8,68,"2024-02-29 06:00:00.000","2024-03-21T12:00:00+00.00","2024-03-21T12:00:00+00.00"
"NPg_Substation_February2024","Northern Powergrid","NPg",148553006,"SEVENTH STREET HORDEN","54.764915, -1.3154537",5,328,NA,328,8,45,"2024-02-29 06:30:00.000","2024-03-21T12:00:00+00.00","2024-03-21T12:00:00+00.00"
"NPg_Substation_February2024","Northern Powergrid","NPg",148553006,"SEVENTH STREET HORDEN","54.764915, -1.3154537",5,228,NA,228,8,52,"2024-02-29 07:00:00.000","2024-03-21T12:00:00+00.00","2024-03-21T12:00:00+00.00"
"NPg_Substation_February2024","Northern Powergrid","NPg",148553006,"SEVENTH STREET HORDEN","54.764915, -1.3154537",5,689,NA,689,8,41,"2024-02-29 07:30:00.000","2024-03-21T12:00:00+00.00","2024-03-21T12:00:00+00.00"
"NPg_Substation_February2024","Northern Powergrid","NPg",148553006,"SEVENTH STREET HORDEN","54.764915, -1.3154537",5,444,NA,444,8,95,"2024-02-29 08:00:00.000","2024-03-21T12:00:00+00.00","2024-03-21T12:00:00+00.00"
"NPg_Substation_February2024","Northern Powergrid","NPg",148553006,"SEVENTH STREET HORDEN","54.764915, -1.3154537",5,525,NA,525,8,98,"2024-02-29 08:30:00.000","2024-03-21T12:00:00+00.00","2024-03-21T12:00:00+00.00"
"NPg_Substation_February2024","Northern Powergrid","NPg",148553006,"SEVENTH STREET HORDEN","54.764915, -1.3154537",5,374,NA,374,8,58,"2024-02-29 09:00:00.000","2024-03-21T12:00:00+00.00","2024-03-21T12:00:00+00.00"
"NPg_Substation_February2024","Northern Powergrid","NPg",148553006,"SEVENTH STREET HORDEN","54.764915, -1.3154537",5,191,NA,191,8,14,"2024-02-29 09:30:00.000","2024-03-21T12:00:00+00.00","2024-03-21T12:00:00+00.00"
"NPg_Substation_February2024","Northern Powergrid","NPg",148553006,"SEVENTH STREET HORDEN","54.764915, -1.3154537",5,126,NA,126,8,22,"2024-02-29 10:00:00.000","2024-03-21T12:00:00+00.00","2024-03-21T12:00:00+00.00"
"NPg_Substation_February2024","Northern Powergrid","NPg",148553006,"SEVENTH STREET HORDEN","54.764915, -1.3154537",5,271,NA,271,8,18,"2024-02-29 10:30:00.000","2024-03-21T12:00:00+00.00","2024-03-21T12:00:00+00.00"
"NPg_Substation_February2024","Northern Powergrid","NPg",148553006,"SEVENTH STREET HORDEN","54.764915, -1.3154537",5,400,NA,400,8,13,"2024-02-29 11:00:00.000","2024-03-21T12:00:00+00.00","2024-03-21T12:00:00+00.00"
"NPg_Substation_February2024","Northern Powergrid","NPg",148553006,"SEVENTH STREET HORDEN","54.764915, -1.3154537",5,354,NA,354,8,13,"2024-02-29 11:30:00.000","2024-03-21T12:00:00+00.00","2024-03-21T12:00:00+00.00"
"NPg_Substation_February2024","Northern Powergrid","NPg",148553006,"SEVENTH STREET HORDEN","54.764915, -1.3154537",5,170,NA,170,8,40,"2024-02-29 12:00:00.000","2024-03-21T12:00:00+00.00","2024-03-21T12:00:00+00.00"
"NPg_Substation_February2024","Northern Powergrid","NPg",148553006,"SEVENTH STREET HORDEN","54.764915, -1.3154537",5,254,NA,254,8,94,"2024-02-29 12:30:00.000","2024-03-21T12:00:00+00.00","2024-03-21T12:00:00+00.00"
"NPg_Substation_February2024","Northern Powergrid","NPg",148553006,"SEVENTH STREET HORDEN","54.764915, -1.3154537",5,451,NA,451,8,97,"2024-02-29 13:00:00.000","2024-03-21T12:00:00+00.00","2024-03-21T12:00:00+00.00"
"NPg_Substation_February2024","Northern Powergrid","NPg",148553006,"SEVENTH STREET HORDEN","54.764915, -1.3154537",5,107,NA,107,8,167,"2024-02-29 13:30:00.000","2024-03-21T12:00:00+00.00","2024-03-21T12:00:00+00.00"
"NPg_Substation_February2024","Northern Powergrid","NPg",148553006,"SEVENTH STREET HORDEN","54.764915, -1.3154537",5,180,NA,180,8,18,"2024-02-29 14:00:00.000","2024-03-21T12:00:00+00.00","2024-03-21T12:00:00+00.00"
"NPg_Substation_February2024","Northern Powergrid","NPg",148553006,"SEVENTH STREET HORDEN","54.764915, -1.3154537",5,314,NA,314,8,19,"2024-02-29 14:30:00.000","2024-03-21T12:00:00+00.00","2024-03-21T12:00:00+00.00"
"NPg_Substation_February2024","Northern Powergrid","NPg",148553006,"SEVENTH STREET HORDEN","54.764915, -1.3154537",5,232,NA,232,8,18,"2024-02-29 15:00:00.000","2024-03-21T12:00:00+00.00","2024-03-21T12:00:00+00.00"
"NPg_Substation_February2024","Northern Powergrid","NPg",148553006,"SEVENTH STREET HORDEN","54.764915, -1.3154537",5,351,NA,351,8,14,"2024-02-29 15:30:00.000","2024-03-21T12:00:00+00.00","2024-03-21T12:00:00+00.00"
"NPg_Substation_February2024","Northern Powergrid","NPg",148553006,"SEVENTH STREET HORDEN","54.764915, -1.3154537",5,805,NA,805,8,12,"2024-02-29 16:00:00.000","2024-03-21T12:00:00+00.00","2024-03-21T12:00:00+00.00"
"NPg_Substation_February2024","Northern Powergrid","NPg",148553006,"SEVENTH STREET HORDEN","54.764915, -1.3154537",5,1199,NA,1199,8,49,"2024-02-29 16:30:00.000","2024-03-21T12:00:00+00.00","2024-03-21T12:00:00+00.00"
"NPg_Substation_February2024","Northern Powergrid","NPg",148553006,"SEVENTH STREET HORDEN","54.764915, -1.3154537",5,1408,NA,1408,8,113,"2024-02-29 17:00:00.000","2024-03-21T12:00:00+00.00","2024-03-21T12:00:00+00.00"
"NPg_Substation_February2024","Northern Powergrid","NPg",148553006,"SEVENTH STREET HORDEN","54.764915, -1.3154537",5,997,NA,997,8,92,"2024-02-29 17:30:00.000","2024-03-21T12:00:00+00.00","2024-03-21T12:00:00+00.00"
"NPg_Substation_February2024","Northern Powergrid","NPg",148553006,"SEVENTH STREET HORDEN","54.764915, -1.3154537",5,416,NA,416,8,73,"2024-02-29 18:00:00.000","2024-03-21T12:00:00+00.00","2024-03-21T12:00:00+00.00"
"NPg_Substation_February2024","Northern Powergrid","NPg",148553006,"SEVENTH STREET HORDEN","54.764915, -1.3154537",5,490,NA,490,8,55,"2024-02-29 18:30:00.000","2024-03-21T12:00:00+00.00","2024-03-21T12:00:00+00.00"
"NPg_Substation_February2024","Northern Powergrid","NPg",148553006,"SEVENTH STREET HORDEN","54.764915, -1.3154537",5,311,NA,311,8,44,"2024-02-29 19:00:00.000","2024-03-21T12:00:00+00.00","2024-03-21T12:00:00+00.00"
"NPg_Substation_February2024","Northern Powergrid","NPg",148553006,"SEVENTH STREET HORDEN","54.764915, -1.3154537",5,479,NA,479,8,64,"2024-02-29 19:30:00.000","2024-03-21T12:00:00+00.00","2024-03-21T12:00:00+00.00"
"NPg_Substation_February2024","Northern Powergrid","NPg",148553006,"SEVENTH STREET HORDEN","54.764915, -1.3154537",5,236,NA,236,8,53,"2024-02-29 20:00:00.000","2024-03-21T12:00:00+00.00","2024-03-21T12:00:00+00.00"
"NPg_Substation_February2024","Northern Powergrid","NPg",148553006,"SEVENTH STREET HORDEN","54.764915, -1.3154537",5,332,NA,332,8,82,"2024-02-29 20:30:00.000","2024-03-21T12:00:00+00.00","2024-03-21T12:00:00+00.00"
"NPg_Substation_February2024","Northern Powergrid","NPg",148553006,"SEVENTH STREET HORDEN","54.764915, -1.3154537",5,308,NA,308,8,147,"2024-02-29 21:00:00.000","2024-03-21T12:00:00+00.00","2024-03-21T12:00:00+00.00"
"NPg_Substation_February2024","Northern Powergrid","NPg",148553006,"SEVENTH STREET HORDEN","54.764915, -1.3154537",5,383,NA,383,8,139,"2024-02-29 21:30:00.000","2024-03-21T12:00:00+00.00","2024-03-21T12:00:00+00.00"
"NPg_Substation_February2024","Northern Powergrid","NPg",148553006,"SEVENTH STREET HORDEN","54.764915, -1.3154537",5,909,NA,909,8,62,"2024-02-29 22:00:00.000","2024-03-21T12:00:00+00.00","2024-03-21T12:00:00+00.00"
"NPg_Substation_February2024","Northern Powergrid","NPg",148553006,"SEVENTH STREET HORDEN","54.764915, -1.3154537",5,908,NA,908,8,122,"2024-02-29 22:30:00.000","2024-03-21T12:00:00+00.00","2024-03-21T12:00:00+00.00"
"NPg_Substation_February2024","Northern Powergrid","NPg",148553006,"SEVENTH STREET HORDEN","54.764915, -1.3154537",5,303,NA,303,8,65,"2024-02-29 23:00:00.000","2024-03-21T12:00:00+00.00","2024-03-21T12:00:00+00.00"
"NPg_Substation_February2024","Northern Powergrid","NPg",148553006,"SEVENTH STREET HORDEN","54.764915, -1.3154537",5,225,NA,225,8,43,"2024-02-29 23:30:00.000","2024-03-21T12:00:00+00.00","2024-03-21T12:00:00+00.00"
